x_0,y_0,theta,v_p,v_c,OF1,OF3,OF2,Simulator,SafeViol
20,44.488503,40,3.43792,12.663756,0.119521,0.103889,0.026852,PreScan,False
20,44.828281,40,3.478867,13.865883,0.04299,0.103777,0.035169,PreScan,False
20,46.190326,78.712884,1.982663,16.249955,0.156095,0.082359,0.213189,PreScan,False
20,46.296194,76.99331,1.983902,16.258393,0.056263,0.081631,0.043184,PreScan,False
20,47.489238,41.937103,1.562024,11.864869,0.648463,0.13938,0,PreScan,False
20,47.754106,67.604024,1,16.734656,0.116149,0.089224,0,PreScan,False
20,48,117.089002,2.077485,18.890716,1.071244,0.072175,0,PreScan,False
20.0016,44.825384,40.278814,3.479193,13.874704,0.058792,0.100675,0.056331,PreScan,False
20.022128,45.13789,50.387391,3.080751,13.848245,0.352665,0.083602,0.045191,PreScan,False
20.31775,38.966102,61.458103,4.807199,11.02276,0.049256,4,0.090751,PreScan,True
20.339434,45.712979,125.29605,2.63865,12.768944,0.011678,0.090569,0.097744,PreScan,False
20.339611,45.743476,125.284509,2.622004,12.816378,0.028528,0.087606,0.02095,PreScan,False
20.870268,45.984255,118.017861,3.045383,19.608928,0.147451,0.052948,0.13953,PreScan,True
20.889154,47.85641,65.802443,1,16.704839,0.236793,0.063199,0,PreScan,False
20.913919,38.830234,61.59416,4.704614,11.022707,0.083966,4,0.002017,PreScan,True
21.116215,45.777727,115.190917,3.154986,19.757615,0.153863,0.060897,0.147247,PreScan,True
21.182902,47.766463,66.128714,1,16.694884,0.163996,0.065282,0,PreScan,False
21.183116,47.768015,66.130124,1,16.695744,0.165282,0.065212,0,PreScan,False
21.344168,45.768481,116.040334,3.14572,19.618602,0.152008,0.05632,0.217953,PreScan,True
21.354859,45.958798,117.50266,3.178355,19.637685,0.047577,4,0.081563,PreScan,True
21.406335,47.438336,145.700276,3.181143,25,0.108254,0.038918,0,PreScan,True
21.428687,47.431674,145.688314,3.163161,25,0.023044,4,0,PreScan,True
21.477102,47.435295,145.555711,3.180146,25,0.056744,0.041631,0,PreScan,True
21.563933,47.438154,145.730823,3.18124,24.963653,0.046925,0.045471,0,PreScan,True
21.566073,47.438085,145.730811,3.181369,24.963032,0.047702,0.045566,0,PreScan,True
21.668462,45.088832,53.704073,3.423869,14.67771,1.015996,0.07867,0.054939,PreScan,False
21.694571,45.089619,53.682372,3.428593,14.671309,1.0316,0.078778,0.024575,PreScan,False
21.725422,45.091874,53.37234,3.422719,14.733212,0.995453,0.078983,0.051891,PreScan,False
22.337585,43.318198,123.8232,3.596264,10,0.105697,0.108539,0.061763,PreScan,False
22.526482,47.477055,152.82512,3.503353,25,0.034432,4,0,PreScan,True
24.176343,46.975992,141.855904,3.200737,24.25957,0.063295,0.757994,0,PreScan,True
24.419217,46.969391,141.94359,3.201349,24.282693,0.024677,0.766555,0,PreScan,True
24.920576,45.563014,110.820637,3.308424,21.939028,0.122764,0.044981,0.135236,PreScan,True
24.996462,45.550483,110.617702,3.162651,22.172064,0.099899,0.0491,0.083312,PreScan,True
25.325585,43.225367,130.848923,3.633278,10.190444,0.055198,4,0.033232,PreScan,True
25.344091,43.214216,130.808186,3.632873,10.162027,0.006393,4,0.043206,PreScan,True
25.498938,43.581798,93.542224,4.370916,21.120453,0.047339,0.047252,0.101643,PreScan,True
27.201566,44.42904,100.844679,4.986897,21.770987,1.486044,0.068464,0,PreScan,True
27.239495,44.457162,100.593733,4.87925,21.784272,1.410556,0.078231,0,PreScan,True
27.767813,42.95375,129.148815,3.699896,10.812929,0.232958,4,0.007431,PreScan,True
28.05441,42.947449,110.621114,2.425047,10.044054,0.047278,0.104653,0.101015,PreScan,False
28.061294,41.574125,61.648836,4.536047,17.77359,0.068732,0.079929,0.053847,PreScan,False
28.061444,41.564799,61.469624,4.56704,17.826352,0.015986,0.076797,0.115487,PreScan,False
28.305678,48,153.202422,1.715681,20.246454,0.231007,0.048313,0,PreScan,True
28.319772,48,153.273368,1.760652,20.24176,0.240661,0.048634,0,PreScan,True
28.367666,48,153.172503,1.760561,20.241633,0.237744,0.049127,0,PreScan,True
29.113047,43.000311,82.611091,4.231892,20.623973,0.305585,0.050771,0.417246,PreScan,True
29.139419,43.012012,82.609974,4.234485,20.631805,0.323331,0.051205,0.267297,PreScan,True
29.164223,43.00533,82.630823,4.235354,20.492649,0.362612,0.049904,0.599096,PreScan,True
29.437268,44.866838,45.109757,3.701219,22.757443,0.097418,0.057953,0.133879,PreScan,True
29.449357,44.883872,45.124607,3.694804,22.751521,0.092804,0.058102,0.115772,PreScan,True
29.464295,47.963648,159.99532,1.843771,20.162942,0.021899,0.139287,0,PreScan,True
29.494774,44.814436,44.610638,3.740441,22.7744,0.130086,0.064145,0.005783,PreScan,True
29.83017,43.720317,106.40821,4.77542,23.899347,0.349879,4,0.021488,PreScan,True
30.237511,46.328566,40,2.77999,22.419964,0.20107,0.049467,0,PreScan,True
30.237525,46.328121,40,2.775062,22.419266,0.195587,0.049374,0,PreScan,True
30.252594,46.380431,40,2.72979,22.401306,0.219672,0.049187,0,PreScan,True
30.252608,46.379986,40,2.724862,22.400608,0.21303,0.049252,0,PreScan,True
30.329861,45.399662,40,3.425319,22.285623,0.062529,0.050748,0.010907,PreScan,True
30.386721,43.316864,55.628466,4.581567,23.848235,0.118907,0.084119,0.037081,PreScan,True
30.414201,43.571149,100.488526,4.09123,23.352166,0.145456,0.074414,0.43278,PreScan,True
30.447696,46.86629,41.633559,2.017666,21.401697,0.12619,0.076047,0,PreScan,True
30.484546,48,153.57975,1,15.542595,0.034214,0.060865,0,PreScan,True
30.596173,48,149.943038,1,19.938204,0.064076,0.061083,0,PreScan,True
30.602029,47.999938,149.98954,1,19.942399,0.064848,0.061074,0,PreScan,True
30.617619,47.208089,102.1177,1,17.801402,0.077815,0.075946,0,PreScan,False
30.93997,44.695973,134.928496,3.954732,16.289818,0.448223,4,0,PreScan,True
31.425322,46.699372,124.653416,1.24333,14.14311,0.086404,0.11649,0,PreScan,True
31.526375,46.086198,124.413085,1.297021,12.749035,0.205113,0.076856,0,PreScan,False
31.706882,44.366344,121.806537,4.661891,23.081061,0.499803,0.101951,0,PreScan,True
31.751329,45.874186,88.827552,1.953741,18.655226,0.415967,0.053746,0,PreScan,False
31.755884,45.059487,127.690589,1.733906,10.827803,0.063077,4,0.013025,PreScan,True
31.757403,45.861173,86.356629,1.972114,18.693686,0.43767,0.054536,0,PreScan,False
31.760502,44.394851,120.643408,4.661148,22.998545,0.627088,0.06345,0,PreScan,True
31.769591,46.824935,124.420717,1.162855,14.040913,0.117441,0.109715,0,PreScan,False
31.774016,46.755155,124.602448,1.156054,14.14262,0.065805,0.145397,0,PreScan,True
31.777053,45.059403,127.620704,1.734961,10.824467,0.069259,4,0.062491,PreScan,True
31.789433,45.98042,86.321161,1.976271,18.698953,0.565317,0.054033,0,PreScan,False
31.804521,47.957846,151.833141,1.005105,14.169384,0.177146,0.066538,0,PreScan,False
31.812299,47.854278,150.541214,1,14.311434,0.096194,0.094965,0,PreScan,True
31.829272,45.1447,130.615772,1.734713,10.447887,0.0517,4,0.078253,PreScan,True
31.830467,45.146315,130.515167,1.735047,10.442082,0.015625,4,0.063413,PreScan,True
31.831342,45.144485,130.542909,1.735045,10.443055,0.016863,4,0.06685,PreScan,True
31.831464,45.150733,130.395912,1.735069,10.411632,0.044428,0.096411,0.050009,PreScan,False
31.833423,44.747978,117.154786,2.75691,15.04582,0.747252,0.071483,0,PreScan,False
31.839908,44.065403,115.563213,4.956673,23.820444,0.758408,0.042164,0,PreScan,True
31.859496,44.761781,119.553996,2.846017,14.967586,0.787951,0.067315,0,PreScan,False
31.939328,46.15955,123.694542,1.253154,12.839357,0.178548,0.091441,0,PreScan,False
31.941803,46.097677,123.992846,1.254404,12.748866,0.230011,0.08403,0,PreScan,False
31.995332,47.777156,132.781581,1,15.913401,0.402596,0.066632,0,PreScan,False
32.209304,47.096511,131.636657,1,13.611402,0.057565,0.151441,0,PreScan,True
32.496708,42.83886,64.979664,5,23.064665,1.066616,0.060255,0,PreScan,True
32.500963,42.802307,65.092678,5,23.062085,1.035976,0.058215,0.024341,PreScan,True
32.658611,41.282615,80.890254,5,23.458438,0.38327,0.107366,0.073629,PreScan,True
32.66319,41.28462,80.896156,5,23.455762,0.381535,0.107611,0.030836,PreScan,True
32.846243,41.338043,80.741079,5,23.473035,0.317951,0.066736,0.326271,PreScan,True
32.850822,41.340048,80.74698,5,23.470359,0.318124,0.066962,0.284185,PreScan,True
33.925116,42.998749,121.063135,3.405868,15.199568,0.060816,4,0.084998,PreScan,True
33.928506,42.990691,121.063031,3.405851,15.19629,0.061702,4,0.06935,PreScan,True
33.971789,42.998624,121.063682,3.407557,15.209523,0.080057,4,0.02437,PreScan,True
33.994663,45.29949,123.175772,1.339764,10.816894,0.194541,0.101286,0.063898,PreScan,False
34.264346,43.373041,120.919933,3.397819,15.104458,0.512333,0.0631,0.114586,PreScan,True
34.269562,43.371702,120.918809,3.39726,15.10446,0.511172,0.063422,0.103312,PreScan,True
34.416691,42.074033,85.535587,5,24.106482,0.520768,0.05871,0.267227,PreScan,True
34.601446,44.829161,131.691391,2.326665,13.497371,0.047618,0.074694,0.027986,PreScan,False
34.698025,42.973422,121.02308,3.369164,15.087821,0.151188,4,0.015242,PreScan,True
34.902167,40.752376,75.292347,5,22.67634,0.140412,0.091616,0.133859,PreScan,True
34.942659,44.425828,123.206027,2.540603,15.790215,0.037203,4,0.059374,PreScan,True
35.020326,44.41529,122.862061,2.539258,15.709958,0.014777,4,0.13698,PreScan,True
35.109856,44.238104,113.387592,2.494926,14.854176,0.524254,0.128171,0,PreScan,False
35.111028,44.967579,87.223838,1.784548,17.903301,0.313203,0.060105,0.209925,PreScan,False
35.121348,44.181883,113.43773,2.507703,14.860584,0.490244,0.223397,0,PreScan,True
35.155177,44.602897,108.354557,2.2044,14.17896,0.757017,0.071032,0,PreScan,False
35.236356,44.96317,88.048362,1.780317,17.979574,0.334236,0.060133,0.227591,PreScan,False
35.351749,41.516008,76.236454,5,23.485361,0.431811,0.047878,0.281984,PreScan,True
35.751334,43.559729,125.804163,3.515375,17.396892,0.06713,4,0.020334,PreScan,True
36.00904,46.81293,137.154432,1.173579,10.858426,0.472133,0.091967,0,PreScan,False
36.173339,45.807353,54.388433,2.168191,22.570204,0.060281,0.050169,0,PreScan,True
36.182619,45.802577,54.310729,2.162089,22.606581,0.012867,0.048052,0,PreScan,True
36.318526,41.645004,84.319556,5,23.787164,0.614245,0.063621,0.084209,PreScan,True
36.39541,45.799091,53.799703,2.167933,22.565834,0.000777,0.061897,0,PreScan,True
36.399203,45.799555,53.803089,2.16743,22.5678,0.000534,0.0619,0,PreScan,True
36.633523,43.251369,122.998741,4.001221,17.007753,0.866289,0.058561,0,PreScan,False
37.10912,43.119186,123.63395,4.258442,18.193262,0.729854,0.144481,0,PreScan,True
37.109328,42.506679,123.399353,2.523838,11.05006,0.026516,0.10912,0.041809,PreScan,False
37.509736,42.615435,117.197861,2.712467,13.911027,0.206016,0.080371,0.067003,PreScan,False
37.958862,44.169819,122.160494,3.135032,17.52315,0.629034,0.060439,0,PreScan,False
37.959039,44.200316,122.148953,3.118385,17.570583,0.621823,0.056411,0,PreScan,False
38.050394,43.543859,125.700012,2.215164,10.768923,0.431401,4,0,PreScan,True
38.252302,43.487939,140.007734,3.848751,13.802574,0.351081,0.059713,0.040635,PreScan,True
38.252359,43.448592,139.923265,3.792831,13.814584,0.254229,0.059852,0.073529,PreScan,True
38.293172,44.298554,92.646443,1.739556,14.58816,0.062418,0.07039,0.03844,PreScan,False
38.293793,44.298434,92.646602,1.73934,14.586909,0.064768,0.070372,0.039059,PreScan,False
38.322925,44.2913,92.885744,1.722565,14.68076,0.051289,0.100401,0.096539,PreScan,False
38.338139,44.290597,92.547645,1.734364,14.617463,0.030942,0.069439,0.056228,PreScan,False
38.351943,44.974153,134.274334,2.400984,13.208909,0.612869,0.073579,0,PreScan,False
38.429362,43.425494,125.875018,2.230899,10,0.777927,0.108598,0,PreScan,False
38.562695,43.381241,125.891474,2.209771,10,0.702223,0.155686,0,PreScan,True
38.664428,46.31965,44.124362,1.401575,16.135219,0.047401,0.066764,0,PreScan,False
38.712056,45.797637,99.996288,2.018696,22.546019,0.368108,0.048734,0,PreScan,True
39.073052,43.52792,125.109446,2.29478,10.655493,0.860355,0.094859,0,PreScan,False
39.30588,44.900392,45.48554,2.007157,15.219565,0.186971,0.080979,0,PreScan,False
39.449814,46.32038,40,1.426905,15.922351,0.052712,0.068401,0,PreScan,False
39.820996,46.576012,140.978984,2.022019,16.352854,0.611225,0.060742,0,PreScan,False
39.925591,46.498092,144.067179,1.939238,16.45739,0.225491,0.180797,0,PreScan,True
40.160629,46.041439,160,3.685834,12.827836,0.357033,0.215377,0,PreScan,True
40.287199,44.269293,93.383246,2.35752,20.03211,0.184922,0.050819,0,PreScan,True
40.291583,42.115266,137.663657,3.601765,11.786616,0.097128,4,0.018638,PreScan,True
40.310931,44.24818,93.408726,2.340938,20.145323,0.113043,0.080232,0,PreScan,True
40.332835,48,160,1.417188,16.642107,0.291145,0.362914,0,PreScan,True
40.335651,46.781912,52.152876,1.485657,24.962694,0.061223,0.041944,0,PreScan,True
40.339081,47.979604,159.89396,1.408188,16.613459,0.271767,0.36803,0,PreScan,True
40.357209,44.271099,93.361886,2.360094,19.968283,0.213858,0.050333,0,PreScan,True
40.373594,46.777821,52.13118,1.475288,25,0.065275,0.044001,0,PreScan,True
40.441692,46.79393,52.12363,1.462023,24.986061,0.106541,0.041685,0,PreScan,True
40.515193,46.748265,52.153302,1.477967,25,0.089145,0.041791,0,PreScan,True
40.649601,46.976872,103.759094,1,18.500098,0.290071,0.054051,0,PreScan,False
40.652995,46.911837,103.349652,1.007662,18.45016,0.252045,0.059485,0,PreScan,False
40.708572,46.745966,103.52213,1,18.533924,0.108322,0.053436,0,PreScan,False
40.723164,46.745383,103.183872,1,18.471878,0.095943,0.061255,0,PreScan,False
40.834398,44.899735,130.3608,1.82853,15.206412,0.426373,0.069373,0.052317,PreScan,False
40.838571,44.925976,130.202649,1.82523,15.176217,0.393325,0.069033,0.066738,PreScan,False
40.855182,43.34958,98.06308,1.681844,12.164311,0.06347,0.081678,0.19708,PreScan,False
40.942827,45.170844,129.172034,1.866592,15.158736,0.045024,4,0,PreScan,True
41.057751,44.900917,124.212706,1.493202,13.266822,0.302826,0.077993,0.01326,PreScan,False
41.160833,45.914675,145.965819,2.535621,14.904831,0.557559,0.06579,0,PreScan,False
41.332663,38.838614,105.342591,4.388691,16.434146,0.008294,0.080102,0.200645,PreScan,False
41.33553,38.839809,105.347474,4.385997,16.433972,0.009629,0.080371,0.186453,PreScan,False
41.346319,38.83733,105.347016,4.387987,16.432715,0.022392,0.080928,0.140463,PreScan,False
41.349102,38.838915,105.340663,4.389071,16.431887,0.028343,0.081171,0.123126,PreScan,False
41.65435,38.713261,105.551655,4.384539,16.372364,0.032993,0.062115,0.317551,PreScan,False
41.725445,43.999026,95.704089,1.989525,16.891587,0.065421,0.0678,0.018348,PreScan,False
41.732893,43.995318,95.921015,2.007994,17.115291,0.021333,0.088209,0.039348,PreScan,False
41.746482,43.999297,95.848198,2.01269,17.049388,0.057043,0.096828,0.006096,PreScan,False
41.748951,43.999249,95.853939,2.01284,17.037702,0.071162,0.058196,0.005958,PreScan,False
41.770429,38.770894,105.22379,4.355468,16.412665,0.009887,0.065461,0.275336,PreScan,False
41.773302,38.772149,105.228665,4.35285,16.412487,0.016198,0.065638,0.260702,PreScan,False
41.775335,38.770629,105.250161,4.358352,16.407972,0.018018,0.065407,0.242418,PreScan,False
41.781202,38.768298,105.223349,4.357306,16.411416,0.021379,0.064917,0.228648,PreScan,False
41.78815,43.998034,95.7384,1.996514,17.220065,0.024186,0.077418,0.066472,PreScan,False
41.795201,43.990359,95.80396,2.01334,17.239365,0.04201,0.074687,0.053816,PreScan,False
41.86965,48,150.870053,1,16.390019,0.384563,0.059398,0,PreScan,False
41.878282,44.03405,96.047994,1.99066,17.201648,0.027293,0.084874,0.033004,PreScan,False
42.007759,48,150.939539,1,16.390035,0.391468,0.060391,0,PreScan,False
42.288029,45.759123,149.897858,2.809998,18.812043,0.229435,0.061257,0,PreScan,False
43.902852,47.861792,145.990035,1.026159,17.692952,0.427553,0.055853,0,PreScan,False
43.994052,47.867169,145.950111,1.025325,17.753793,0.428586,0.056685,0,PreScan,False
43.998125,47.895804,145.866507,1.026066,17.736802,0.464625,0.056637,0,PreScan,False
43.999184,47.895286,145.738948,1.025581,17.739752,0.467696,0.056521,0,PreScan,False
44.337055,47.941097,149.687521,1,17.718409,0.349856,0.068821,0,PreScan,False
44.344118,47.969686,149.531018,1,17.696368,0.38475,0.073065,0,PreScan,False
45.62805,46.743538,151.285499,1.547101,15.231221,0.038735,4,0,PreScan,True
45.827355,48,160,1,15.422806,0.16496,0.207354,0,PreScan,True
45.915634,47.226839,154.109302,1.543496,18.275935,0.011442,0.066315,0,PreScan,True
46.402711,47.983058,154.742482,1,20.770884,0.100723,0.185311,0,PreScan,True
46.623284,39.514318,101.643004,4.624363,21.604037,0.121314,0.212153,0.012887,PreScan,True
46.658793,39.253599,101.290302,4.680336,21.513965,0.023853,0.05261,0.0867,PreScan,True
46.663204,39.255044,101.297533,4.672569,21.515259,0.010476,0.081082,0.067108,PreScan,True
47.101316,47.094367,137.859953,1.00052,18.960559,0.100174,0.074056,0,PreScan,True
47.106169,40.820148,72.104482,2.947697,17.529151,0.014115,0.064028,0.065987,PreScan,False
47.127966,47.106209,136.668986,1,18.945636,0.051557,0.178805,0,PreScan,True
47.275427,47.113224,136.729008,1,19.015214,0.04119,0.178138,0,PreScan,True
47.27751,40.785751,74.423795,2.944197,17.533089,0.01383,0.059676,0.119659,PreScan,False
47.300568,40.783088,74.212567,2.943505,17.532561,0.059706,0.059662,0.252058,PreScan,False
47.311975,35,105.000389,5,15.111268,0.158487,0.065828,0.248984,PreScan,False
47.322661,35,104.995643,5,15.111727,0.159829,0.065334,0.208188,PreScan,False
47.32648,35,106.691724,5,15.354686,0.26963,0.154712,0.024664,PreScan,False
47.511765,35,104.926196,5,15.486901,0.121681,0.111881,0.146288,PreScan,False
47.513034,47.843126,155.743817,1,20.441406,0.040591,4,0,PreScan,True
47.631107,40.821318,71.875117,2.92688,17.544683,0.005271,0.088972,0.059656,PreScan,False
47.642724,45.983793,103.894424,1.55762,22.830528,0.299246,0.059048,0,PreScan,True
47.745192,46.120802,141.649513,2.789333,21.427561,0.826741,0.049941,0,PreScan,True
47.863247,48,155.797326,1.004265,16.375753,0.349141,0.062751,0,PreScan,False
48.045485,48,155.628288,1.004422,16.376423,0.363007,0.06434,0,PreScan,False
48.176868,48,155.612045,1,16.33762,0.363021,0.062085,0,PreScan,False
48.183594,48,155.697773,1.00446,16.37644,0.357285,0.060853,0,PreScan,False
48.345597,47.253709,142.594082,1,18.179157,0.073113,0.127859,0,PreScan,True
48.388158,47.250924,142.559276,1.000195,18.181962,0.015024,0.129786,0,PreScan,True
48.913139,40.820125,72.468704,2.8767,17.595121,0.058472,0.059611,0.126984,PreScan,False
49.199843,39.89608,103.738456,3.243128,16.357785,0.167712,0.062207,0.356681,PreScan,False
49.203423,39.899524,104.031857,3.231519,16.373816,0.12126,0.06509,0.259009,PreScan,False
49.293745,45.832702,108.534557,1.190844,17.999374,0.087574,0.062212,0,PreScan,False
49.295461,45.843046,108.541618,1.236869,18.025462,0.19121,0.057839,0,PreScan,False
49.299041,45.846489,108.835019,1.225261,18.041493,0.174043,0.055242,0,PreScan,False
49.591609,43.172448,108.248157,2.723954,20.731448,0.328018,0.048154,0,PreScan,True
49.591619,43.176781,108.250675,2.72418,20.715631,0.340795,0.04795,0,PreScan,True
49.595997,43.132254,107.499023,2.60304,21.039502,0.063371,0.161025,0.035019,PreScan,True
49.59687,43.128235,109.348325,2.692689,21.004479,0.09595,4,0,PreScan,True
50.665225,41.603889,64.288882,3.452452,23.704371,0.093766,0.045388,0.195977,PreScan,True
50.673142,41.734217,60.811596,3.448839,23.424538,0.037499,0.046017,0.190896,PreScan,True
50.673603,41.732199,60.757124,3.448999,23.424266,0.045831,0.046012,0.177182,PreScan,True
50.67702,41.666664,62.585247,3.460087,23.59944,0.08177,0.060255,0.07564,PreScan,True
50.684438,41.708005,61.906191,3.45642,23.593837,0.071018,0.06401,0.133261,PreScan,True
50.714211,36.382308,82.86771,4.314697,18.022384,0.032301,0.079563,0.058638,PreScan,False
50.984192,45.171685,126.43293,1.852167,19.0824,0.146078,0.167365,0,PreScan,True
50.984339,45.171526,126.446373,1.85217,19.081386,0.14566,0.167454,0,PreScan,True
51.003026,45.159261,126.75307,1.851861,19.103581,0.132106,4,0,PreScan,True
51.231422,41.816869,66.429918,1.412084,10.927088,0.577817,0.179858,0.012091,PreScan,False
51.817039,45.010145,73.45761,1,12.675028,0.227515,0.080676,0,PreScan,False
51.819014,45.020803,73.47397,1,12.682683,0.237269,0.080947,0,PreScan,False
51.819925,45.010966,73.461423,1,12.685454,0.225757,0.081021,0,PreScan,False
51.819957,45.010419,73.461496,1,12.68538,0.225223,0.08102,0,PreScan,False
51.819995,45.011724,73.464244,1,12.675522,0.229274,0.080666,0,PreScan,False
51.922053,44.728185,73.151189,1,12.56069,0.013744,0.081487,0,PreScan,False
51.922054,44.7282,73.151311,1,12.560735,0.013691,0.081471,0,PreScan,False
52.817045,38.955165,67.800534,4.594131,23.43733,0.520011,0.046504,0.111467,PreScan,True
52.819383,38.941664,67.800347,4.593851,23.434767,0.507515,0.046539,0.092159,PreScan,True
52.839343,39.066842,68.072756,4.574769,23.347921,0.639789,0.046623,0.014366,PreScan,True
52.948845,39.271516,76.130446,4.543706,23.600206,0.853156,0.056652,0.002578,PreScan,True
53.204358,41.272474,85.584841,2.433306,17.148081,0.107614,0.062822,0.241149,PreScan,False
53.20718,41.272225,85.543085,2.433303,17.144088,0.119519,0.063486,0.037728,PreScan,False
53.211772,41.270157,85.534302,2.433391,17.148391,0.113179,0.06328,0.107325,PreScan,False
53.247771,44.827658,160,4.763589,17.536334,0.091786,4,0,PreScan,True
53.484067,41.185873,86.916529,2.434751,17.15999,0.049888,0.068799,0.005712,PreScan,False
53.507164,38.596319,67.790034,4.598227,23.649604,0.20993,0.047934,0.254712,PreScan,True
53.514842,41.1931,86.924936,2.432453,17.201079,0.030872,0.064506,0.300814,PreScan,False
53.519541,38.564706,67.789546,4.59817,23.644823,0.186289,0.048691,0.196853,PreScan,True
53.525235,37.722969,66.790504,4.856597,23.540802,0.006858,0.077392,0.129763,PreScan,True
53.6042,41.499828,88.682799,2.43204,17.113703,0.353562,0.063624,0,PreScan,False
57.441811,46.949921,157.601845,2.009447,21.91379,0.024555,0.113528,0,PreScan,True
57.753646,47.726168,154.285998,1,22.054697,0.025224,0.412725,0,PreScan,True
57.831635,42.39982,152.122497,3.216745,10.643683,0.062103,4,0,PreScan,True
57.880778,42.62031,151.100559,3.300313,10.149661,0.907703,0.094164,0,PreScan,False
58.226131,40.540708,96.463013,2.07868,14.400004,0.034038,0.083041,0.260543,PreScan,False
58.227409,40.540565,96.462528,2.078622,14.399929,0.035297,0.083155,0.246089,PreScan,False
58.312613,44.20114,124.368088,1.515714,15.017072,0.012355,4,0,PreScan,True
58.439948,40.543504,96.427418,2.079931,14.415503,0.029695,0.093644,0.084471,PreScan,False
58.483393,40.511563,96.431631,2.086914,14.432006,0.004686,0.092258,0.212098,PreScan,False
58.56372,44.106068,150.605694,3.056441,14.494477,0.43723,0.224898,0,PreScan,True
58.568375,46.704434,115.718748,1.474591,20.29645,1.625764,0.176211,0,PreScan,True
59.090919,45.265066,135.902204,1.198259,14.24798,0.274594,0.068318,0,PreScan,False
59.462887,45.131419,88.216814,1.037043,16.592887,0.069261,0.060449,0,PreScan,False
59.462914,45.135125,88.215387,1.037301,16.592886,0.07326,0.060415,0,PreScan,False
59.462926,45.143134,88.239724,1.03734,16.591982,0.081199,0.060481,0,PreScan,False
59.462931,45.133022,88.218611,1.037122,16.592649,0.071255,0.060362,0,PreScan,False
59.557673,45.169632,88.521284,1.032842,16.714055,0.062161,0.084173,0,PreScan,False
59.590369,45.129182,122.27705,2.35809,20.343759,1.831676,0.152616,0,PreScan,True
59.590987,45.190676,122.160113,2.355227,20.443103,1.869867,0.151206,0,PreScan,True
59.902348,38.896965,101.51989,2.700978,15.189143,0.194362,0.068337,0.023049,PreScan,False
60.002608,38.877831,101.661383,2.701792,15.194814,0.183337,0.072104,0.110545,PreScan,False
60.128388,39.924168,145.045468,3.273627,10.029648,0.043822,4,0.049517,PreScan,True
61.024178,46.171165,156.906596,3.283354,24.952753,0.186127,0.097363,0,PreScan,True
61.061845,40.312039,89.235632,2.436088,16.888345,0.349512,0.05967,0,PreScan,False
61.067957,40.311626,89.210896,2.436741,16.91008,0.342985,0.085033,0.005226,PreScan,False
61.169946,40.344649,92.819726,2.410588,17.628237,0.157657,0.07908,0.173314,PreScan,False
61.171052,40.347857,93.227099,2.410151,17.61776,0.15302,0.077768,0.40994,PreScan,False
61.182772,46.195399,160,3.34574,23.672606,0.019933,4,0,PreScan,True
61.707291,47.139749,159.844289,2.625042,22.559649,0.574464,0.049131,0,PreScan,True
61.904688,47.169716,159.847713,2.604305,22.485839,0.603031,0.048443,0,PreScan,True
61.968882,44.228373,130.546785,2.082311,20.197782,0.017635,4,0,PreScan,True
62.394492,43.083705,77.175901,1.301101,14.27135,0.044962,0.071561,0,PreScan,False
62.489234,43.120314,77.478573,1.296821,14.392756,0.066077,0.078634,0,PreScan,False
62.490219,43.119743,77.461435,1.296821,14.393907,0.066561,0.078513,0,PreScan,False
62.490405,43.119885,77.486476,1.296821,14.393418,0.06581,0.078487,0,PreScan,False
62.490432,43.119673,77.475562,1.296821,14.394145,0.065896,0.078364,0,PreScan,False
62.547237,47.974468,150.956285,1,24.99353,0.354526,0.039982,0,PreScan,True
62.597574,47.984526,150.963337,1,24.994502,0.37465,0.039833,0,PreScan,True
62.608047,47.974659,150.958336,1,24.979605,0.353158,0.040277,0,PreScan,True
62.81452,46.365698,120.259385,1.006057,24.083767,0.233701,0.061564,0,PreScan,True
62.825394,46.378022,120.695242,1,24.096249,0.233675,0.060573,0,PreScan,True
63.040007,41.693241,54.238498,3.177086,24.528248,0.074305,0.04428,0,PreScan,True
63.152689,48,160,1,25,0.104887,0.395783,0,PreScan,True
63.41231,41.771818,52.125438,3.214728,24.716161,0.08773,0.046072,0,PreScan,True
63.891782,41.721,55.754499,3.187441,24.693108,0.295001,0.047293,0,PreScan,True
64.293355,47.349015,151.300661,1,24.068148,0.216114,0.040953,0,PreScan,True
64.308562,47.354455,151.261761,1,23.995095,0.199656,0.043675,0,PreScan,True
64.410906,46.360901,115.310127,1,23.807251,0.065717,0.062641,0,PreScan,True
64.439723,46.393615,116.084653,1,23.805717,0.059209,0.062624,0,PreScan,True
65.542822,43.694204,112.980236,2.045707,23.625904,0.087359,0.041831,0,PreScan,True
65.686387,40.670929,56.464028,2.980367,21.359377,0.165476,0.074823,0,PreScan,True
65.734053,43.584509,151.571927,2.452102,14.041522,0.482304,0.082227,0.044231,PreScan,False
65.880846,43.874719,140.209859,2.491677,19.864355,0.093065,4,0,PreScan,True
65.902013,43.585354,151.886206,2.459132,14.11458,0.524747,0.080766,0.004063,PreScan,False
66.228266,45.75193,145.683353,2.237226,21.151408,0.593473,0.051506,0,PreScan,True
66.385414,43.593641,152.52947,2.45782,14.010659,0.552517,0.078618,0.014138,PreScan,False
66.389545,43.593623,152.53235,2.457822,14.010557,0.553213,0.078804,0.009349,PreScan,False
66.527047,45.751977,145.618691,2.202733,21.156405,0.559912,0.05191,0,PreScan,True
66.647416,43.580517,141.101668,2.610295,21.011215,0.476222,0.04871,0.055234,PreScan,True
66.654663,43.545682,140.980142,2.600258,21.011512,0.521785,0.049626,0.011082,PreScan,True
66.676848,43.622036,141.562019,2.62496,20.971802,0.445117,0.048498,0.088367,PreScan,True
66.686118,43.624416,141.64694,2.623496,20.964093,0.45541,0.049542,0.085407,PreScan,True
67.031797,40.700376,82.345667,2.727456,21.928857,0.316242,0.054994,0,PreScan,True
67.098419,40.556261,84.344841,2.651595,22.138761,0.149154,0.073173,0.013108,PreScan,True
67.164307,40.611316,82.71828,2.657741,21.985591,0.05494,0.054286,0.116056,PreScan,True
67.204618,40.60882,82.792714,2.650748,22.028942,0.067582,0.050757,0.149147,PreScan,True
67.223724,40.632615,84.672023,2.671613,22.077024,0.103788,0.081041,0.084531,PreScan,True
67.223912,40.634997,84.67548,2.672074,22.076929,0.104947,0.080982,0.08087,PreScan,True
67.759863,39.119508,43.444632,3.908121,20.344033,0.73022,0.058693,0,PreScan,True
67.847073,45.611541,113.32558,1.37644,23.787534,0.345451,0.049281,0,PreScan,True
68.100493,45.629253,112.041375,1.339988,23.83537,0.314048,0.056268,0,PreScan,True
68.112765,45.641313,112.534221,1.333931,23.837295,0.295435,0.054751,0,PreScan,True
68.148872,45.636332,111.576579,1.330999,23.834208,0.310228,0.05922,0,PreScan,True
68.605434,39.122791,43.023026,3.794449,20.269131,0.487148,0.057541,0,PreScan,True
68.820713,45.528039,108.779859,1.124619,24.466458,0.318337,0.040999,0,PreScan,True
69.036009,42.294708,76.236613,2.064333,22.484157,0.226565,0.045701,0.021793,PreScan,True
69.051819,39.136282,43.780907,3.721891,20.288571,0.450938,0.05789,0,PreScan,True
69.0752,42.255069,76.199198,2.033177,22.487273,0.358142,0.046829,0.004208,PreScan,True
69.910203,45.298917,98.84589,1.010699,23.691884,0.570132,0.048431,0,PreScan,True
73.533722,42.163151,137.30053,2.16075,14.540113,0.056189,4,0,PreScan,True
74.401824,38.745614,67.639517,2.953473,20.867012,0.256016,0.056023,0.038753,PreScan,True
74.407105,38.744414,67.746388,2.953617,20.859912,0.267077,0.056617,0.032171,PreScan,True
74.434346,38.744404,67.732641,2.953616,20.855414,0.266377,0.05883,0.01836,PreScan,True
74.440949,38.744173,67.77752,2.953344,20.858286,0.26691,0.058214,0.008787,PreScan,True
74.441082,38.74444,67.777766,2.953616,20.857982,0.268253,0.058287,0.004864,PreScan,True
74.481849,38.592585,67.708025,2.96757,20.824214,0.188794,0.069284,0.051422,PreScan,True
74.484076,38.747686,68.048,2.959833,20.864618,0.311599,0.056917,0,PreScan,True
74.48533,38.591649,67.708894,2.967986,20.823226,0.190786,0.069641,0.032662,PreScan,True
74.83687,38.831189,70.019669,2.924109,20.894827,0.380441,0.050082,0,PreScan,True
76.025641,44.683837,153.583933,3.600362,25,0.213121,0.106164,0,PreScan,True
76.080219,44.619835,153.05127,3.590568,25,0.219218,0.110121,0,PreScan,True
76.215153,44.79293,155.638062,3.589672,24.982435,0.04424,4,0,PreScan,True
76.220309,44.79139,151.999223,3.568024,24.917916,0.554171,0.039714,0,PreScan,True
76.220946,44.795067,151.976279,3.565247,24.924574,0.555709,0.039963,0,PreScan,True
76.240836,44.764986,155.845598,3.592484,25,0.06536,4,0,PreScan,True
77.04591,35.159895,76.110723,2.097875,11.753361,0.323216,0.102026,0.022313,PreScan,False
77.421432,35,76.439667,2.098018,11.72154,0.277323,0.097516,0.063462,PreScan,False
77.864846,35.495513,76.465758,2.097883,11.7337,0.828925,0.091183,0,PreScan,False
78.355576,41.273591,98.358856,2.364457,23.159659,0.287687,0.04254,0,PreScan,True
78.55391,41.206086,98.447438,2.314104,23.141907,0.133044,0.05506,0,PreScan,True
78.59369,35.404776,75.75653,2.096383,11.791407,0.776169,0.101627,0,PreScan,False
78.726581,42.833155,144.885665,3.146194,22.97601,0.383593,0.045579,0,PreScan,True
78.767275,42.788911,144.901723,3.146595,23.000765,0.450652,0.046687,0.058653,PreScan,True
78.781159,42.769154,144.353003,3.1364,22.967012,0.385098,0.050806,0.001678,PreScan,True
78.833717,41.544314,95.596676,2.386074,25,0.189308,0.039687,0,PreScan,True
78.866885,41.548891,95.596341,2.381796,24.99933,0.168949,0.03976,0,PreScan,True
78.89648,42.85968,145.181672,3.158136,23.026636,0.398273,0.045011,0,PreScan,True
79.383629,41.363451,96.567029,2.251676,23.596347,0.06151,0.04201,0,PreScan,True
79.53744,41.3601,98.271465,2.287305,23.139797,0.249907,0.046497,0,PreScan,True
79.761921,41.281519,97.680534,2.231276,23.163011,0.103645,0.059479,0,PreScan,True
81.364459,41.881062,119.311991,2.615854,23.362685,0.620791,0.061901,0,PreScan,True
81.566627,39.706152,60.431638,2.170046,17.925416,0.05382,0.062097,0,PreScan,False
81.571275,39.706003,60.423784,2.170176,17.926205,0.054258,0.062193,0,PreScan,False
81.571375,39.706,60.393153,2.169953,17.925337,0.054532,0.06257,0,PreScan,False
82.777569,39.690189,59.772794,2.178115,17.736493,0.263754,0.060226,0,PreScan,False
82.790902,39.696221,59.802484,2.174453,17.748756,0.25017,0.060403,0,PreScan,False
83.054759,39.697517,59.446876,2.143507,17.812961,0.087626,0.059929,0,PreScan,False
83.080455,36.885617,94.771567,3.41642,23.336363,0.084008,0.070733,0.277639,PreScan,True
83.080828,36.805758,94.705756,3.420641,23.339369,0.048726,0.071075,0.343612,PreScan,True
83.092993,36.948144,94.833718,3.398365,23.331414,0.096645,0.070341,0.1449,PreScan,True
83.2354,40.299089,113.010513,2.384501,19.667991,0.377936,0.081963,0,PreScan,True
83.266251,36.755585,94.797999,3.384123,23.32356,0.14677,0.051837,0.474632,PreScan,True
83.437007,36.744821,95.254132,3.386438,23.211454,0.09485,0.052326,0.418253,PreScan,True
84.232429,43.955667,111.736432,1,15.572422,0.070303,0.063036,0,PreScan,False
84.433819,45.216639,130.195077,1,15.986626,0.302205,0.061118,0,PreScan,False
84.435127,45.216645,130.197509,1,15.987212,0.301752,0.061126,0,PreScan,False
84.445516,45.204729,130.229093,1,16.085307,0.268283,0.062819,0,PreScan,False
84.455137,45.214644,130.243164,1,16.0854,0.279109,0.063459,0,PreScan,False
84.456445,45.214651,130.245596,1,16.085986,0.278614,0.063408,0,PreScan,False
84.47891,39.112368,121.148789,3.61877,22.796594,0.925661,0.055785,0,PreScan,True
84.489865,39.118569,121.053954,3.59928,22.793854,0.896523,0.056337,0,PreScan,True
84.512653,39.11804,121.047112,3.591082,22.766016,0.888788,0.059847,0,PreScan,True
84.703547,38.048965,65.78246,2.305477,16.96224,0.382009,0.062259,0,PreScan,False
84.84482,45.414417,127.939574,1,18.534285,0.11617,0.066683,0,PreScan,False
84.935147,38.751239,120.554204,3.170894,21.799296,0.149678,0.08596,0.206668,PreScan,True
84.94227,38.740213,120.448642,3.234187,21.816786,0.053938,4,0.012317,PreScan,True
84.976013,38.745885,120.346966,3.206499,21.786208,0.006548,4,0.095323,PreScan,True
84.987976,45.209743,129.945144,1,16.087234,0.310119,0.061426,0,PreScan,False
84.989546,38.71568,120.344809,3.160328,21.773058,0.159758,0.047566,0.06746,PreScan,True
85,44.962806,136.512719,1,14.122228,0.111469,0.072991,0,PreScan,False
85,46.212218,135.41899,1,18.56265,0.511835,0.055998,0,PreScan,False
20,48,80.30703,1.45468,14.6245,1.199936,0.137471,0,Pro-SiVIC,False
20,48,85.98182,1,8.42144,1.591298,0.340151,0,Pro-SiVIC,False
20,48,93.40493,1,7.39216,1.877765,0.417118,0,Pro-SiVIC,False
20.20139,48,80.2466,1.45397,14.58183,1.224959,0.148677,0,Pro-SiVIC,False
20.27581,41.63575,100.65989,4.52391,7.5128,3.735132,0.460063,0.051888,Pro-SiVIC,False
20.28633,41.77588,100.44084,4.36448,7.51517,3.539104,0.426467,0.154318,Pro-SiVIC,False
20.29235,41.64091,100.73394,4.41147,7.51123,3.428157,0.426747,0.074541,Pro-SiVIC,False
20.29273,41.63956,100.73021,4.41008,7.51123,3.427019,0.426727,0.068801,Pro-SiVIC,False
20.41492,48,94.51868,1,7.67033,1.825965,0.378292,0,Pro-SiVIC,False
21.78103,41.01647,89.81448,3.97379,7.40368,4.21075,0.48945,0.305052,Pro-SiVIC,False
21.96281,45.5323,93.43858,2.02375,7.62066,2.739186,0.409531,0,Pro-SiVIC,False
21.96598,45.60126,93.30674,2.03253,7.60983,3.019244,0.434572,0,Pro-SiVIC,False
22.38116,46.68637,83.60046,2.63583,20.60962,0.781616,0.063585,0,Pro-SiVIC,True
23.24803,46.67499,86.32451,2.67331,20.39965,0.948341,0.066913,0,Pro-SiVIC,True
23.26289,46.69393,86.2971,2.67101,20.40695,0.965229,0.068346,0,Pro-SiVIC,True
23.29285,46.67297,85.53358,2.64132,19.57971,1.044914,0.071823,0,Pro-SiVIC,True
23.58998,48,81.09669,1,14.80368,0.797192,0.099198,0,Pro-SiVIC,False
24.37819,48,80.34738,1.0079,14.93165,0.846856,0.132963,0,Pro-SiVIC,False
24.97821,44.92828,88.14782,3.84475,21.48309,0.632537,0.067511,0.06205,Pro-SiVIC,True
25.24515,48,134.51285,1.19624,10.00136,1.192129,0.211194,0,Pro-SiVIC,False
25.46783,46.9332,82.23759,1.4304,13.72357,0.808643,0.098728,0,Pro-SiVIC,False
25.93314,48,133.55024,1.15307,10.32858,1.154105,0.177998,0,Pro-SiVIC,False
26.54018,48,127.25113,1,4.70985,8.189317,1.562824,0,Pro-SiVIC,False
27.17899,48,133.72547,1,10.42561,0.972495,0.141215,0,Pro-SiVIC,False
27.25837,48,132.73495,1.10611,9.89915,1.28468,0.241571,0,Pro-SiVIC,False
27.81021,46.72252,113.06277,1.15696,4.20832,14.071366,2.075312,0,Pro-SiVIC,True
27.82651,46.73857,112.73103,1.09796,4.23446,9.468567,1.935669,0,Pro-SiVIC,False
27.86782,46.57448,112.71573,1.06975,4.23583,8.302383,1.759308,0,Pro-SiVIC,False
28.35581,44.86419,125.84088,2.02462,4.62923,7.68293,1.272499,0,Pro-SiVIC,False
28.4501,44.85573,125.33228,2.05347,4.66744,8.028708,4,0,Pro-SiVIC,True
28.47191,44.85875,125.66547,2.01937,4.66328,7.676224,4,0,Pro-SiVIC,True
28.55089,48,135.06486,1.1748,4.98235,9.25739,1.555791,0,Pro-SiVIC,False
29.00466,36.4266,54.39158,5,15.56934,3.023173,4,0.107305,Pro-SiVIC,True
30.54779,40.89036,124.83074,4.54179,8.60813,2.184076,0.219035,0,Pro-SiVIC,False
30.70261,35.60525,54.99736,5,15.42224,3.160431,4,0.047833,Pro-SiVIC,True
30.70802,38.75316,80.90288,3.00389,4.62697,15.266082,3.1131,0,Pro-SiVIC,True
30.73483,38.72728,81.25894,3.02228,4.61266,15.35056,3.138467,0,Pro-SiVIC,True
30.73598,36.52071,63.21392,4.62357,15.34475,2.682491,4,0.089479,Pro-SiVIC,True
31.002,36.48884,61.18358,4.6074,15.12598,2.581838,4,0.109185,Pro-SiVIC,True
31.01744,36.44113,63.29408,4.63031,14.89262,2.328392,4,0.026768,Pro-SiVIC,True
31.13131,36.37204,60.5003,4.66486,15.59673,2.907009,4,0.077728,Pro-SiVIC,True
31.46567,35.99772,57.70632,4.99453,16.04204,2.837913,4,0.042828,Pro-SiVIC,True
31.46606,38.88958,74.02175,3.98354,14.96905,1.197527,4,0.236467,Pro-SiVIC,True
31.7138,35.06087,54.17244,5,15.79808,3.725526,4,0.098382,Pro-SiVIC,True
31.7284,36.32522,55.85341,4.64198,15.53728,3.02373,4,0.028951,Pro-SiVIC,True
31.87098,36.24057,58.91841,4.62412,15.46145,2.876079,4,0.095214,Pro-SiVIC,True
31.95452,36.35779,58.27929,4.63056,16.38253,3.402412,4,0.081783,Pro-SiVIC,True
32.04296,36.22471,55.23842,4.6535,16.17662,3.495306,4,0.044605,Pro-SiVIC,True
32.1341,36.48836,60.4228,4.62068,16.25808,3.048369,4,0.101006,Pro-SiVIC,True
32.30771,36.42448,54.50557,4.6659,16.24719,3.296283,4,0.095743,Pro-SiVIC,True
32.32554,36.59646,55.52016,4.59299,15.98644,3.04081,4,0.094604,Pro-SiVIC,True
32.33064,36.07504,55.08514,4.64945,15.76299,3.288384,4,0.050945,Pro-SiVIC,True
32.33088,36.07551,55.08503,4.64946,15.76307,3.287875,4,0.050624,Pro-SiVIC,True
32.33165,36.0745,55.10203,4.64929,15.75501,3.287387,4,0.028769,Pro-SiVIC,True
32.34599,35.8637,58.27432,4.64764,15.40259,3.053407,4,0.051928,Pro-SiVIC,True
32.38207,36.07495,55.08023,4.64961,15.76074,3.269538,4,0.067397,Pro-SiVIC,True
32.5692,36.09856,57.77432,4.63469,15.85164,3.134415,4,0.000546,Pro-SiVIC,True
32.57193,36.0983,57.5416,4.63496,15.84939,3.13904,4,0.062206,Pro-SiVIC,True
32.86809,35.15471,47.50846,5,15.9716,4.003782,4,0.009504,Pro-SiVIC,True
32.9258,36.61015,54.13362,4.5768,16.1388,3.103058,4,0.074283,Pro-SiVIC,True
33.03826,35.79503,55.32914,4.69255,16.09181,3.491805,4,0.009575,Pro-SiVIC,True
33.04494,35.78545,55.32875,4.69129,16.07692,3.484356,4,0.072763,Pro-SiVIC,True
33.07106,37.07224,56.26976,4.21438,14.61945,2.264078,4,0.048346,Pro-SiVIC,True
33.28456,36.08085,52.41154,4.6338,15.62367,3.153938,4,0.03973,Pro-SiVIC,True
33.29398,35.93951,55.71285,4.65524,16.22658,3.417346,4,0.112151,Pro-SiVIC,True
33.42462,45.74489,64.43672,1.74922,17.56863,0.113823,0.060095,0,Pro-SiVIC,False
33.439,35.99807,55.81679,4.65367,16.47659,3.485012,4,0.029293,Pro-SiVIC,True
33.53997,37.11384,53.23722,4.16144,14.9798,2.718229,4,0.028532,Pro-SiVIC,True
33.63893,37.22915,48.2368,4.22135,14.12351,2.187515,4,0.009201,Pro-SiVIC,True
33.66663,46.78295,103.38034,1,7.88121,2.019755,0.469635,0,Pro-SiVIC,False
33.67578,36.98578,52.22801,4.18523,15.09396,2.898006,4,0.036095,Pro-SiVIC,True
33.77721,37.02507,53.21097,4.16495,15.03704,2.768625,4,0.011525,Pro-SiVIC,True
33.79582,43.17084,105.32109,3.84105,21.88475,0.146619,0.082818,0.092574,Pro-SiVIC,True
33.81395,43.16992,105.32269,3.83967,21.88373,0.152717,0.083616,0.019004,Pro-SiVIC,True
33.92598,36.98274,56.94956,4.1644,15.01185,2.497013,4,0.080686,Pro-SiVIC,True
34.2392,43.25796,104.10867,3.84874,21.85101,0.091874,0.05647,0.144987,Pro-SiVIC,True
34.23933,43.44929,104.50416,3.9147,21.82709,0.354507,4,0.219083,Pro-SiVIC,True
34.24187,43.4532,104.50451,3.91486,21.82758,0.358746,4,0.211046,Pro-SiVIC,True
34.2489,43.34397,104.25889,3.90723,21.83073,0.24994,4,0.121088,Pro-SiVIC,True
34.25964,43.42105,104.04479,3.83299,21.84382,0.237506,4,0.308887,Pro-SiVIC,True
34.25981,43.42077,104.04123,3.8322,21.84328,0.236921,4,0.309973,Pro-SiVIC,True
34.28582,43.25759,104.09242,3.84513,21.84653,0.128884,0.058986,0.393391,Pro-SiVIC,True
34.33985,46.78391,103.12487,1,7.88176,2.237917,0.468343,0,Pro-SiVIC,False
34.36103,44.53448,75.77853,1.63798,11.72791,0.562564,0.093487,0,Pro-SiVIC,False
34.47149,46.6148,108.59168,2.43549,22.391,1.255944,0.115792,0,Pro-SiVIC,True
34.69021,44.50989,75.94213,1.69559,11.94416,0.667136,0.092931,0,Pro-SiVIC,False
34.84953,39.11172,90.59241,2.58248,3.79419,19.038601,4,0,Pro-SiVIC,True
35.21923,43.48935,75.2556,1.91837,11.85804,0.448757,0.104517,0.085031,Pro-SiVIC,False
35.31994,39.44811,87.36311,2.63768,5.26008,15.094564,2.538476,0,Pro-SiVIC,True
35.44633,39.52817,84.5218,2.79478,5.44625,16.299376,2.773098,0,Pro-SiVIC,True
35.59475,45.57984,116.05853,1.58734,9.07367,1.970225,0.361067,0,Pro-SiVIC,False
35.62985,45.5269,115.58232,1.58957,8.79062,2.182075,0.384648,0,Pro-SiVIC,False
35.79299,39.39509,95.08259,2.62923,4.52435,16.861951,2.993509,0,Pro-SiVIC,True
36.00055,39.01279,87.65891,2.78473,5.41436,15.423756,2.322099,0,Pro-SiVIC,True
36.15122,39.11888,87.55829,2.74719,5.70506,14.369683,2.045204,0,Pro-SiVIC,True
36.6286,39.33743,87.1233,2.6113,5.59461,14.678728,2.10214,0,Pro-SiVIC,True
36.72573,39.41886,88.11478,2.61962,5.28465,16.078841,2.684154,0,Pro-SiVIC,True
36.7791,39.41536,88.08894,2.61974,5.28442,16.137561,2.69689,0,Pro-SiVIC,True
36.84848,41.13204,87.61854,2.25941,6.32146,12.841868,1.504625,0,Pro-SiVIC,False
36.84854,41.12516,87.61846,2.25947,6.32153,12.810985,1.504186,0,Pro-SiVIC,False
36.84855,41.13118,87.61873,2.25918,6.3215,12.841602,1.504485,0,Pro-SiVIC,False
36.84911,41.03587,87.6342,2.25407,6.32474,10.115308,1.481359,0,Pro-SiVIC,False
36.84912,41.03016,87.63391,2.25446,6.32483,10.114247,1.481696,0,Pro-SiVIC,False
36.84913,41.03617,87.63417,2.25416,6.3248,10.143518,1.481315,0,Pro-SiVIC,False
36.84919,41.02929,87.6341,2.25422,6.32487,10.113715,1.483918,0,Pro-SiVIC,False
36.89498,41.12731,87.63535,2.2541,6.32585,12.805478,1.505382,0,Pro-SiVIC,False
36.96745,39.34688,88.05956,2.60978,6.05667,12.982015,1.706925,0,Pro-SiVIC,False
37.09189,39.47017,88.0435,2.55201,5.753,14.098868,2.080432,0,Pro-SiVIC,True
37.18005,39.13829,89.57582,2.63431,4.85536,17.569964,3.030527,0,Pro-SiVIC,True
37.26922,39.54079,97.65168,2.64734,5.2397,15.35676,2.284693,0,Pro-SiVIC,True
37.30616,39.20664,90.21505,2.65401,5.41651,15.61259,2.275851,0,Pro-SiVIC,True
37.61334,39.29996,97.83682,2.63455,4.99604,16.018411,2.356961,0,Pro-SiVIC,True
37.81075,39.72631,89.85238,2.58987,6.16848,13.778835,1.857656,0,Pro-SiVIC,False
37.82528,39.33108,91.13492,2.57757,5.60039,14.805017,2.148974,0,Pro-SiVIC,True
37.86975,39.33234,91.09491,2.57611,5.60706,14.829251,2.15128,0,Pro-SiVIC,True
38.4934,39.03555,85.49833,2.60876,5.5766,16.212809,2.402356,0,Pro-SiVIC,True
38.70151,38.21468,83.99991,2.50442,3.77738,22.35018,4,0,Pro-SiVIC,True
38.89445,46.44986,73.12721,1,13.54041,0.466449,0.080797,0,Pro-SiVIC,False
38.92336,38.19207,86.3466,2.58805,4.36096,20.054982,4,0,Pro-SiVIC,True
39.47579,46.42097,73.75507,1.03341,13.63811,0.563015,0.110626,0,Pro-SiVIC,False
39.49413,46.42103,73.72724,1.03478,13.63677,0.567589,0.111999,0,Pro-SiVIC,False
40.07957,42.99034,55.43727,2.01469,7.11516,15.38395,1.854621,0,Pro-SiVIC,False
40.24605,41.10804,85.27098,2.1111,7.04511,8.909415,1.158111,0,Pro-SiVIC,False
42.36311,45.87701,100.60493,1,8.09734,2.244611,0.469838,0,Pro-SiVIC,False
42.38061,45.8721,100.60538,1,8.0957,2.237478,0.47274,0,Pro-SiVIC,False
42.58021,39.38995,58.52786,2.69113,13.07793,1.02073,0.275307,0.100553,Pro-SiVIC,False
42.58184,39.39546,58.52419,2.69093,13.07477,1.016508,0.275421,0.080267,Pro-SiVIC,False
42.5821,39.38812,58.52531,2.69097,13.07749,1.023357,0.275768,0.094432,Pro-SiVIC,False
42.71255,39.43617,58.62373,2.70452,13.16839,0.958508,0.257366,0.091135,Pro-SiVIC,False
42.71403,39.43661,58.62479,2.70335,13.16555,0.961838,0.258073,0.07671,Pro-SiVIC,False
42.71751,39.44882,58.60598,2.70024,13.16787,0.960811,0.25752,0.087028,Pro-SiVIC,False
42.79508,39.3925,58.50032,2.68969,13.23854,1.093617,0.295518,0.096564,Pro-SiVIC,False
42.79523,39.39253,58.50146,2.68969,13.23761,1.093544,0.295774,0.091674,Pro-SiVIC,False
43.09777,43.93341,100.33617,1.5392,8.13014,5.464594,0.626296,0,Pro-SiVIC,False
43.10451,43.94565,100.33298,1.56132,8.1301,6.007344,0.843034,0,Pro-SiVIC,False
44.03284,43.34579,101.34653,1.53414,8.25,2.646817,0.433992,0,Pro-SiVIC,False
44.80535,39.78815,88.13501,4.05473,22.98422,1.047979,0.143615,1.498593,Pro-SiVIC,True
44.92743,40.55544,111.14479,2.47216,9.24347,1.951847,0.259476,0,Pro-SiVIC,False
44.94365,40.71752,111.72135,2.43615,9.23288,1.931564,0.264888,0,Pro-SiVIC,False
44.94806,40.49568,111.50773,2.4652,9.27076,1.807839,0.235018,0,Pro-SiVIC,False
45.71464,38.44854,90.86899,4.49299,22.79513,1.36951,4,2.220485,Pro-SiVIC,True
45.71801,39.67318,112.05395,2.74777,9.25392,2.187529,0.274286,0,Pro-SiVIC,False
45.73761,39.60807,111.99699,2.75197,9.23312,2.167128,0.281628,0,Pro-SiVIC,False
45.73951,38.42835,95.24265,4.47094,22.26364,1.378498,4,0.941078,Pro-SiVIC,True
45.75192,38.43788,95.25572,4.48433,22.26542,1.34245,4,0.873012,Pro-SiVIC,True
47.36841,43.07006,146.05705,2.35544,1.04836,31.914572,4,0,Pro-SiVIC,True
47.38408,43.20782,145.97267,2.29157,1.03709,32.199953,4,0,Pro-SiVIC,True
47.41682,43.72707,148.33445,2.46641,2.0759,27.653973,4,0,Pro-SiVIC,True
47.45634,43.11483,145.66013,2.43433,1.26958,31.384113,4,0,Pro-SiVIC,True
47.51774,35,50.1489,3.16594,7.71983,12.788439,1.652345,0,Pro-SiVIC,False
48.21144,35.31861,48.89633,3.1596,7.64691,14.276298,2.122647,0,Pro-SiVIC,True
48.48096,46.1777,142.88811,1.13027,2.09162,32.282964,4,0,Pro-SiVIC,True
50.73341,39.41234,42.51675,2.92136,14.60476,1.332751,4,0.081191,Pro-SiVIC,True
50.77893,38.04463,52.60109,2.71024,14.62819,2.326396,4,0.007932,Pro-SiVIC,True
50.93254,44.10279,40,1.51969,6.49872,19.43931,2.415038,0,Pro-SiVIC,True
50.93411,44.10281,40.0462,1.5209,6.49987,19.488211,2.465498,0,Pro-SiVIC,True
50.93417,44.10281,40.04397,1.52124,6.49936,19.493143,2.466716,0,Pro-SiVIC,True
50.9343,44.1028,40.04363,1.52133,6.49963,19.492111,2.466063,0,Pro-SiVIC,True
50.93977,44.10292,40.03703,1.52681,6.50257,19.612224,2.464863,0,Pro-SiVIC,True
50.94961,44.1028,40.11235,1.52043,6.49798,19.53276,2.47196,0,Pro-SiVIC,True
50.95016,44.1028,40.11068,1.52014,6.49804,19.531783,2.472546,0,Pro-SiVIC,True
51.29595,44.1012,42.62789,1.43286,6.54067,18.656881,2.22193,0,Pro-SiVIC,True
51.41881,39.81382,64.31367,2.21266,14.62193,1.468378,4,0.014827,Pro-SiVIC,True
51.60545,39.72983,40,3.87872,22.83799,2.588086,4,0.006292,Pro-SiVIC,True
51.61276,37.40123,51.07155,2.7759,14.90765,2.922908,4,0.008503,Pro-SiVIC,True
51.61628,37.52465,51.89728,2.77925,14.91111,2.713354,4,0.064012,Pro-SiVIC,True
52.13815,45.23777,54.67068,1.51714,21.24344,0.386935,0.062727,0,Pro-SiVIC,True
52.14918,45.19901,54.65576,1.42155,21.4855,0.677899,0.086381,0.158365,Pro-SiVIC,True
52.14966,45.29922,54.66533,1.4077,21.4357,0.601175,0.087287,0.02524,Pro-SiVIC,True
52.26406,37.42349,51.58542,3.96564,23.05472,3.484394,4,0.068902,Pro-SiVIC,True
52.38408,39.20311,65.05726,2.50994,14.59488,0.778527,0.195435,0.02451,Pro-SiVIC,False
52.3922,39.17568,63.31367,2.50599,14.60988,0.915092,0.216291,0.09191,Pro-SiVIC,False
52.40424,38.83831,52.41163,2.27945,14.07053,2.483277,4,0.045327,Pro-SiVIC,True
52.6838,45.34882,56.6085,1.55303,21.45016,0.148384,0.057376,0,Pro-SiVIC,True
52.68522,45.27077,56.32265,1.44176,21.45743,0.463386,0.054857,0,Pro-SiVIC,True
52.69413,45.27143,56.25556,1.44106,21.4575,0.467143,0.055067,0,Pro-SiVIC,True
52.99226,46.37523,132.19705,1.20572,18.04636,0.092862,4,0,Pro-SiVIC,True
53.1174,38.24912,57.11516,3.49429,22.98565,3.156846,4,0.007315,Pro-SiVIC,True
53.47733,41.98941,138.93336,3.14871,10.75475,1.613336,0.205136,0,Pro-SiVIC,False
53.64233,46.40929,131.85589,1.20156,18.05404,0.161005,0.077718,0,Pro-SiVIC,False
53.91509,46.3669,133.38159,1.19912,18.05924,0.063231,4,0,Pro-SiVIC,True
53.91586,46.36691,133.38177,1.19912,18.05924,0.063478,4,0,Pro-SiVIC,True
53.92055,46.36915,133.36442,1.19885,18.05958,0.067424,4,0,Pro-SiVIC,True
53.92813,46.36865,133.37082,1.19864,18.05943,0.069975,4,0,Pro-SiVIC,True
53.92868,46.36733,133.36736,1.19884,18.05945,0.069384,4,0,Pro-SiVIC,True
53.98199,46.96157,64.97608,1,21.1568,0.52876,0.064734,0,Pro-SiVIC,True
58.13701,40.00751,136.016,2.94877,10.85818,0.39371,4,0.053385,Pro-SiVIC,True
58.96231,39.98773,134.80333,2.97374,10.72937,0.894817,0.140071,0,Pro-SiVIC,False
64.22302,37.66763,104.70077,2.90287,21.4052,2.975087,4,0.100058,Pro-SiVIC,True
64.23121,37.6692,104.71683,2.91099,21.39791,2.951423,4,0.024736,Pro-SiVIC,True
66.15036,39.6424,117.01343,2.56558,20.93871,2.312199,4,0.230946,Pro-SiVIC,True
66.88639,42.55318,157.69819,5,14.9449,0.251197,4,0,Pro-SiVIC,True
68.06742,44.56516,134.01446,1.75978,23.21139,0.703334,0.103146,0.141291,Pro-SiVIC,True
68.39265,43.06007,129.41584,2.09614,22.82602,1.148512,0.123107,0.122872,Pro-SiVIC,True
68.3933,43.06138,129.40873,2.09649,22.81805,1.146567,0.123478,0.091584,Pro-SiVIC,True
68.39588,43.05497,129.48283,2.0959,22.82816,1.158459,0.123033,0.132463,Pro-SiVIC,True
68.89606,43.41932,131.17906,2.12105,23.00031,0.874398,0.091988,0.052197,Pro-SiVIC,True
68.89848,43.41687,131.22929,2.12059,23.00409,0.880179,0.091704,0.066403,Pro-SiVIC,True
69.9037,41.31963,154.00361,3.7701,8.55748,2.470531,0.329695,0,Pro-SiVIC,False
69.96118,43.11124,130.88316,2.11113,22.96144,1.102664,0.117587,0.086557,Pro-SiVIC,True
70.38582,40.9052,50.81239,1.97313,22.00176,2.702349,4,0.008199,Pro-SiVIC,True
70.39129,40.90517,50.81299,1.97324,22.00364,2.702006,4,0.007921,Pro-SiVIC,True
70.52234,40.92718,50.58663,1.96315,22.15792,2.753953,4,0.017553,Pro-SiVIC,True
70.52566,40.92722,50.70564,1.96103,22.16446,2.750286,4,0.062761,Pro-SiVIC,True
71.0711,46.66753,48.11373,1,24.19613,0.1203,0.043174,0,Pro-SiVIC,True
71.40493,44.72206,154.10914,4.03012,24.81672,0.36183,0.168703,0,Pro-SiVIC,True
71.49162,44.74076,154.126,4.0297,24.81673,0.370484,0.17196,0,Pro-SiVIC,True
71.60469,40.95014,50.97453,1.93301,21.93383,2.653734,4,0.033534,Pro-SiVIC,True
71.64739,40.90672,152.3583,3.56307,8.35863,3.473853,0.370442,0,Pro-SiVIC,False
71.67273,40.9186,152.37177,3.56901,8.35116,3.602715,0.370725,0,Pro-SiVIC,False
71.69216,40.9088,152.36757,3.56697,8.34832,3.591555,0.374516,0,Pro-SiVIC,False
71.71296,40.91001,152.35506,3.55605,8.33716,3.570895,0.380623,0,Pro-SiVIC,False
71.72169,40.90881,152.3619,3.56696,8.34855,3.616827,0.375888,0,Pro-SiVIC,False
71.72838,40.90892,152.3689,3.56715,8.36096,3.558047,0.374349,0,Pro-SiVIC,False
71.74839,40.90747,152.41606,3.5539,8.34317,3.385804,0.358654,0,Pro-SiVIC,False
71.9317,43.6757,149.63639,4.10703,24.61366,0.206177,4,0,Pro-SiVIC,True
71.95966,43.20972,158.98026,4.01667,15.24515,0.152252,4,0,Pro-SiVIC,True
72.40523,43.72206,153.11131,4.11397,24.71177,0.323574,4,0,Pro-SiVIC,True
72.42657,43.20007,159.69081,4,15.21381,0.309154,4,0,Pro-SiVIC,True
72.59064,43.18806,159.7345,3.86325,15.21017,0.446218,0.091489,0.018815,Pro-SiVIC,False
72.77976,47.48997,141.01931,1,23.88355,0.549672,0.065916,0,Pro-SiVIC,True
72.94307,42.57579,145.28173,4.03338,24.70941,0.244389,4,0,Pro-SiVIC,True
73.41677,44.36218,151.41448,3.28972,24.9457,0.285195,4,0,Pro-SiVIC,True
73.4177,44.36212,151.41556,3.28565,24.94588,0.292155,4,0,Pro-SiVIC,True
73.44518,44.35718,151.42288,3.36334,24.93556,0.213821,4,0,Pro-SiVIC,True
73.44611,44.35712,151.42396,3.35927,24.93574,0.222123,4,0,Pro-SiVIC,True
73.4522,42.98192,151.87906,4.14622,23.38425,0.502092,4,0.135535,Pro-SiVIC,True
73.48184,44.37468,151.42697,3.28987,24.95066,0.286791,4,0,Pro-SiVIC,True
73.73161,47.41192,146.85771,1.03453,23.90527,0.298776,0.041661,0,Pro-SiVIC,True
73.74092,47.42468,147.04877,1.00888,23.92295,0.263234,0.041731,0,Pro-SiVIC,True
73.7468,47.28869,146.79933,1.03563,23.90586,0.182515,0.427868,0,Pro-SiVIC,True
73.81691,43.42195,158.58395,5,22.61858,0.430123,4,0.014598,Pro-SiVIC,True
73.85995,43.92282,158.73067,4.71145,23.18684,0.3028,4,0,Pro-SiVIC,True
73.93282,43.56204,151.94456,4.11405,25,0.237863,4,0,Pro-SiVIC,True
73.94578,36.74388,146.37406,5,14.19906,0.898819,4,0.034996,Pro-SiVIC,True
73.96666,43.9155,158.51481,4.75226,23.34232,0.259509,4,0,Pro-SiVIC,True
73.97038,43.91518,158.51313,4.75122,23.34545,0.259803,0.04204,0,Pro-SiVIC,True
74.44216,44.05941,157.04376,4.46315,24.48609,0.214007,4,0,Pro-SiVIC,True
74.44583,43.9909,151.38206,3.11078,23.67165,0.615203,0.052712,0.136966,Pro-SiVIC,True
74.44971,43.97024,151.3832,3.11885,23.66564,0.625147,0.053594,0.146934,Pro-SiVIC,True
74.47038,40.09427,133.82496,3.29179,23.76871,1.914751,4,0.027569,Pro-SiVIC,True
74.50568,44.05463,157.02083,4.4553,24.48204,0.205528,4,0,Pro-SiVIC,True
74.60082,42.97189,153.09433,4.23126,24.79346,0.82054,0.089027,0.152187,Pro-SiVIC,True
74.6251,43.01895,153.0935,4.24125,24.76374,0.766552,4,0.071894,Pro-SiVIC,True
74.74374,41.82998,40.91132,1.43614,12.27733,0.683016,0.134955,0.005393,Pro-SiVIC,False
74.7934,42.55765,152.25072,4.37804,24.72603,0.918207,0.096209,0.022596,Pro-SiVIC,True
74.79358,42.5577,152.25079,4.37804,24.72595,0.918273,0.096222,0.022174,Pro-SiVIC,True
74.82197,42.55591,152.2882,4.37758,24.73292,0.928159,0.09665,0.010324,Pro-SiVIC,True
74.8368,41.47607,149.98605,4.65682,24.17496,1.140212,0.135879,0.082207,Pro-SiVIC,True
74.86331,41.49254,149.99037,4.65586,24.17719,1.127244,0.109209,0.055789,Pro-SiVIC,True
74.9078,43.54244,150.3066,3.23606,23.84307,0.762002,0.08219,0.021361,Pro-SiVIC,True
74.90832,43.66059,150.30733,3.37068,23.83005,0.473511,0.064342,0,Pro-SiVIC,True
74.93137,43.78382,153.05631,4.18645,25,0.082153,4,0,Pro-SiVIC,True
75.03848,40.73839,137.08641,3.63826,24.01416,1.088574,0.100186,0.110823,Pro-SiVIC,True
75.11927,42.65948,152.8404,4.16512,24.16592,1.022523,0.122494,0.146283,Pro-SiVIC,True
75.41865,41.49886,150.68299,4.68084,24.24074,1.193609,0.117087,0.042458,Pro-SiVIC,True
75.49192,44.36856,147.89726,2.83378,25,0.303849,4,0,Pro-SiVIC,True
75.49889,42.33225,149.7667,4.22425,24.63337,0.793525,0.095268,0.009122,Pro-SiVIC,True
75.52194,43.62615,147.16529,3.02066,24.32391,0.5629,0.081762,0.054465,Pro-SiVIC,True
75.56679,42.70227,152.50451,4.12335,24.05286,0.900556,0.103651,0.152943,Pro-SiVIC,True
75.59754,42.7221,152.34736,4.12472,24.07532,0.851285,0.101768,0.011423,Pro-SiVIC,True
75.61848,42.68786,152.10044,4.13303,24.08999,0.851495,0.100677,0.024501,Pro-SiVIC,True
75.63047,44.09341,149.62546,3.05927,24.25887,0.352153,0.041743,0,Pro-SiVIC,True
75.68831,42.92677,40,1.35046,12.15169,0.05534,0.090052,0,Pro-SiVIC,False
75.6893,42.92374,40,1.35045,12.15195,0.052389,0.090031,0,Pro-SiVIC,False
75.6941,42.43672,151.64607,4.2786,23.79102,0.775188,0.080117,0.0632,Pro-SiVIC,True
75.71658,42.60856,149.23679,4.13399,24.04293,0.394264,4,0.093393,Pro-SiVIC,True
75.72979,42.97942,40,1.34922,12.1483,0.101714,0.090005,0,Pro-SiVIC,False
75.74339,42.51598,149.88873,4.18357,24.04214,0.536252,0.062612,0.137043,Pro-SiVIC,True
75.75079,42.46917,149.58316,4.17114,23.97633,0.523918,4,0.046014,Pro-SiVIC,True
75.76327,42.45139,149.54409,4.15992,23.97861,0.55404,0.071252,0.00704,Pro-SiVIC,True
75.77739,42.5171,149.88826,4.16883,24.02782,0.542253,0.065732,0.023063,Pro-SiVIC,True
75.78823,42.51078,149.90342,4.14639,24.0262,0.58946,0.067961,0.113693,Pro-SiVIC,True
75.79118,42.51062,149.90369,4.14409,24.02884,0.593028,0.068093,0.112051,Pro-SiVIC,True
75.85969,42.51548,151.75258,4.37774,24.51159,0.746507,0.062804,0.145122,Pro-SiVIC,True
75.8643,42.51582,151.74252,4.37775,24.51379,0.744352,0.06269,0.14479,Pro-SiVIC,True
75.86854,42.49172,151.09423,4.20223,23.90279,0.733339,0.079099,0.090557,Pro-SiVIC,True
75.90333,42.5058,149.8769,4.16891,24.02347,0.541053,0.070175,0.024273,Pro-SiVIC,True
75.98545,42.96209,51.57329,1.54884,24.53386,1.925827,4,0.035283,Pro-SiVIC,True
75.98669,42.97664,51.23263,1.56549,24.53085,1.880511,4,0.128728,Pro-SiVIC,True
75.98906,42.97024,51.47344,1.57881,24.51967,1.841375,4,0.060869,Pro-SiVIC,True
76.00363,42.53668,149.94035,4.1536,24.03603,0.556252,4,0.072484,Pro-SiVIC,True
76.01632,42.51085,149.87478,4.16889,24.02319,0.524349,4,0.052312,Pro-SiVIC,True
76.03795,41.40976,138.81393,3.497,24.32956,0.903351,0.098807,0.056123,Pro-SiVIC,True
76.0385,41.41553,138.13678,3.48055,24.29224,0.813196,0.103252,0.163177,Pro-SiVIC,True
76.0392,41.42723,138.24243,3.5196,24.30275,0.754405,0.098454,0.126598,Pro-SiVIC,True
76.0394,44.34124,67.41098,1.09775,24.06018,1.195131,0.107071,0.100366,Pro-SiVIC,True
76.04145,44.34132,67.4164,1.09778,24.05905,1.194975,0.107281,0.087554,Pro-SiVIC,True
76.04167,44.34133,67.41108,1.09778,24.06036,1.194989,0.107139,0.095619,Pro-SiVIC,True
76.04205,44.39322,67.57433,1.09242,24.05487,1.155275,0.105618,0.091146,Pro-SiVIC,True
76.0425,44.39354,66.36271,1.11212,24.06216,1.130538,0.107681,0.227519,Pro-SiVIC,True
76.0865,44.33578,67.59491,1.09959,24.04871,1.195237,0.109413,0.222051,Pro-SiVIC,True
76.09534,43.25024,148.85722,3.12837,24.32012,0.989363,0.10036,0.08646,Pro-SiVIC,True
76.09709,43.23797,148.84471,3.23854,24.30922,0.860428,0.086095,0.006105,Pro-SiVIC,True
76.09922,43.2385,148.84006,3.23884,24.30941,0.859037,0.086059,0.004543,Pro-SiVIC,True
76.12203,43.2667,148.86146,3.12829,24.32233,0.975299,0.100773,0.061752,Pro-SiVIC,True
76.12225,42.86404,152.16534,4.12526,24.99998,0.812325,0.084674,0.099395,Pro-SiVIC,True
76.1227,44.34623,160,5,25,0.087219,4,0,Pro-SiVIC,True
76.19011,43.26294,148.67265,3.20132,24.30372,0.844398,0.093298,0.092595,Pro-SiVIC,True
76.22533,43.25571,148.67281,3.19665,24.29582,0.865311,0.09637,0.017226,Pro-SiVIC,True
76.23686,42.50857,149.55944,4.17132,24.08115,0.478098,4,0.091804,Pro-SiVIC,True
76.24966,42.35297,149.52009,4.2136,24.08574,0.58533,4,0.026396,Pro-SiVIC,True
76.25474,42.36802,149.48289,4.20177,24.08518,0.554545,4,0.147651,Pro-SiVIC,True
76.37914,42.40412,139.89341,2.77907,24.47901,1.248211,0.108382,0.029348,Pro-SiVIC,True
76.38796,42.424,139.93274,2.78648,24.4794,1.233789,0.107261,0.04151,Pro-SiVIC,True
76.42136,42.42491,147.75047,3.55911,24.75993,1.14262,0.103305,0.137958,Pro-SiVIC,True
76.45132,42.43394,139.81617,2.76965,24.47675,1.232324,0.110074,0.070072,Pro-SiVIC,True
76.51661,43.36138,148.74364,3.21376,24.79137,0.805307,0.071514,0.019982,Pro-SiVIC,True
76.5183,43.40344,148.7506,3.19888,24.77949,0.774441,0.071701,0.109848,Pro-SiVIC,True
76.52327,43.38962,148.73725,3.20268,24.78764,0.797314,0.071367,0.135249,Pro-SiVIC,True
76.57698,44.54443,155.87771,3.16761,23.1853,0.449619,0.050935,0,Pro-SiVIC,True
76.60026,43.61076,151.31436,3.22441,23.78189,0.734712,0.071483,0.093828,Pro-SiVIC,True
76.61351,43.43322,148.76753,3.23363,24.77815,0.696884,0.070576,0.080349,Pro-SiVIC,True
76.61984,43.52908,148.65665,3.22967,24.75977,0.598727,0.057993,0.002056,Pro-SiVIC,True
76.63485,42.13778,152.64809,4.97292,24.07161,0.52718,4,0.068561,Pro-SiVIC,True
76.63647,42.16407,152.67032,5,24.06067,0.466306,4,0.103707,Pro-SiVIC,True
76.64055,46.49773,160,2.40103,23.56361,0.152075,0.078298,0,Pro-SiVIC,True
76.64422,46.34435,160,2.42187,23.55201,0.045725,4,0,Pro-SiVIC,True
76.68463,44.28648,40,1,12.42346,0.281838,0.103874,0,Pro-SiVIC,False
76.70246,43.34007,145.14206,2.723,23.98954,0.913463,0.097396,0.071541,Pro-SiVIC,True
76.73768,43.33283,145.14222,2.71833,23.98164,0.915632,0.099988,0.151913,Pro-SiVIC,True
76.73991,43.31951,145.35578,2.733,23.95504,0.930666,0.101365,0.121658,Pro-SiVIC,True
76.75792,43.3336,145.12166,2.7366,23.95703,0.885932,0.100707,0.095629,Pro-SiVIC,True
76.75958,43.33547,144.52807,2.73517,23.95847,0.805548,0.100361,0.043866,Pro-SiVIC,True
76.76729,42.93497,147.72117,3.31703,24.50578,0.897044,0.08791,0.038782,Pro-SiVIC,True
76.7683,41.7822,140.60005,3.18041,24.583,1.286814,0.126447,0.061249,Pro-SiVIC,True
76.77064,42.93854,147.7782,3.34548,24.50021,0.852406,0.084999,0.093528,Pro-SiVIC,True
76.81687,44.53634,160,3.50678,21.4702,0.539876,0.062725,0,Pro-SiVIC,True
76.82486,45.52862,153.74465,2.83485,24.68762,0.272047,4,0,Pro-SiVIC,True
76.85163,42.96081,147.68693,3.33096,24.49454,0.830739,0.088493,0.099087,Pro-SiVIC,True
76.86468,45.14363,153.53814,2.55455,24.25735,0.382803,4,0,Pro-SiVIC,True
76.99974,44.70643,152.95297,3.18159,24.85604,0.150206,4,0,Pro-SiVIC,True
77.00042,44.94026,160,4.12547,25,0.092294,4,0,Pro-SiVIC,True
77.17807,43.2348,148.92765,3.16049,24.60311,0.948383,0.104582,0.036734,Pro-SiVIC,True
77.18678,46.2202,144.88312,1.19249,21.67999,0.243666,0.055408,0,Pro-SiVIC,True
77.29212,46.19669,144.73186,1.20809,21.70316,0.226185,0.055707,0,Pro-SiVIC,True
77.34506,42.29222,141.33954,2.98587,24.08581,1.043264,0.110882,0.052977,Pro-SiVIC,True
77.35565,42.3313,141.34429,2.97985,24.08562,1.017331,0.111337,0.024036,Pro-SiVIC,True
77.38138,43.56387,151.34973,3.82526,24.67941,0.206019,0.040939,0,Pro-SiVIC,True
77.43125,42.63421,155.85135,4.10707,21.83348,1.074609,0.119694,0.132496,Pro-SiVIC,True
77.44794,43.21024,140.81252,2.62656,24.18617,0.688835,0.071621,0.122432,Pro-SiVIC,True
77.4487,46.32672,159.28813,2.4309,23.83816,0.080891,0.222254,0,Pro-SiVIC,True
77.46673,43.72664,146.42744,2.88099,24.5885,0.514284,0.044082,0,Pro-SiVIC,True
77.47475,42.70659,156.96104,4.11398,22.87745,1.42145,0.148234,0.007347,Pro-SiVIC,True
77.56201,42.37862,149.7413,4.20983,24.50704,0.592582,4,0.014811,Pro-SiVIC,True
77.57017,43.71651,146.41237,2.9015,25,0.547804,0.050885,0.047493,Pro-SiVIC,True
77.64252,43.15573,151.6825,4.15802,24.00184,0.103575,4,0,Pro-SiVIC,True
77.64624,40.60911,151.75279,3.29963,7.36871,16.704671,2.115774,0,Pro-SiVIC,True
77.8249,44.52962,152.71492,2.92666,24.69511,0.439503,4,0,Pro-SiVIC,True
77.88017,44.10094,159.97645,4.95001,25,0.241084,4,0,Pro-SiVIC,True
77.8948,44.91161,154.21043,2.95474,25,0.262716,4,0,Pro-SiVIC,True
77.89926,43.06533,135.6575,2.23025,24.17323,1.020486,0.100758,0.026548,Pro-SiVIC,True
77.90488,44.91193,154.3658,2.95422,24.99835,0.283531,4,0,Pro-SiVIC,True
77.95227,44.55277,152.82365,2.89979,24.69721,0.461545,4,0,Pro-SiVIC,True
77.95444,44.53839,152.84602,2.89975,24.70016,0.478032,4,0,Pro-SiVIC,True
78.01704,45.16233,158.47069,3.98296,25,0.342093,4,0,Pro-SiVIC,True
78.09944,42.82481,152.10777,4.1662,23.70674,0.410523,4,0.046322,Pro-SiVIC,True
78.10213,44.20862,159.49162,4.9572,25,0.103668,4,0,Pro-SiVIC,True
78.10539,44.16233,159.47071,4.98296,25,0.054797,4,0,Pro-SiVIC,True
78.15186,44.63831,151.22781,2.71521,24.95811,0.429953,4,0,Pro-SiVIC,True
78.18757,42.55939,149.17688,4.08424,23.90137,0.26922,4,0,Pro-SiVIC,True
78.20786,43.50709,149.47408,3.26953,24.5235,0.557167,0.051863,0.037023,Pro-SiVIC,True
78.21439,43.62577,151.55126,3.22807,23.60175,0.624945,0.076158,0.026319,Pro-SiVIC,True
78.22021,43.69686,146.58247,2.93248,25,0.510486,0.069383,0,Pro-SiVIC,True
78.24572,44.39339,154.48007,2.82663,23.20368,0.706702,0.064519,0.025148,Pro-SiVIC,True
78.25452,44.39334,154.47738,2.82709,23.2034,0.706639,0.064816,0.015626,Pro-SiVIC,True
78.43601,43.61375,148.23309,3.24613,24.20539,0.226071,4,0,Pro-SiVIC,True
78.54047,44.60241,153.94243,2.8456,23.27368,0.416895,0.055744,0,Pro-SiVIC,True
78.54706,44.59959,153.62963,2.83798,23.27461,0.364063,0.056728,0,Pro-SiVIC,True
78.55973,46.53436,160,2.22096,22.90248,0.146229,0.14812,0,Pro-SiVIC,True
78.6036,41.73874,150.8447,4.53696,24.03735,0.850498,0.088897,0.028919,Pro-SiVIC,True
78.60728,41.58536,150.71426,4.5578,24.02575,0.949732,0.092856,0.029037,Pro-SiVIC,True
78.67735,44.25196,138.19418,1.387,19.90692,1.07217,0.121169,0.004354,Pro-SiVIC,True
78.73836,46.39702,160,2.43836,23.51963,0.188495,4,0,Pro-SiVIC,True
78.75984,42.24366,142.60823,2.88435,24.39585,1.379925,0.138547,0.147795,Pro-SiVIC,True
78.77747,44.20195,137.79704,1.41151,19.90554,1.027614,0.124164,0.056528,Pro-SiVIC,True
78.77873,44.20192,137.79236,1.41275,19.90554,1.024152,0.124082,0.058653,Pro-SiVIC,True
78.80362,44.24278,137.70466,1.36782,19.90657,1.087666,0.128728,0.016766,Pro-SiVIC,True
78.80475,44.24897,137.88524,1.41586,19.91287,0.984736,0.121736,0.073071,Pro-SiVIC,True
79.09281,44.0049,151.10691,3.01988,23.66703,0.402603,4,0,Pro-SiVIC,True
79.25238,42.92336,155.142,5,24.9153,0.260526,4,0,Pro-SiVIC,True
79.43531,44.60999,153.40594,2.98352,25,0.349533,0.043578,0,Pro-SiVIC,True
79.45252,39.73415,143.10046,3.93151,24.36225,2.244388,4,0.035509,Pro-SiVIC,True
79.56433,44.26294,150.58279,2.74073,25,0.636261,0.074713,0.03058,Pro-SiVIC,True
79.57289,44.87167,160,3.56089,23.33133,0.296666,4,0,Pro-SiVIC,True
79.77029,45.08814,148.20118,1.84638,21.54863,0.349974,0.054869,0,Pro-SiVIC,True
79.77313,43.67004,142.29738,2.09012,23.35818,1.056156,0.112909,0.03185,Pro-SiVIC,True
79.77328,43.67016,142.31077,2.09022,23.3582,1.056895,0.112881,0.032998,Pro-SiVIC,True
80.10784,42.67495,154.36009,4.11941,22.53795,0.679092,0.074537,0.006304,Pro-SiVIC,True
80.48671,40.54767,144.75098,3.72883,24.09829,1.874611,4,0.137251,Pro-SiVIC,True
80.56936,40.77238,143.72704,3.71023,24.07719,1.485745,0.1616,0.129729,Pro-SiVIC,True
80.57918,40.61947,144.38766,3.7239,24.10249,1.743428,4,0.147643,Pro-SiVIC,True
80.72913,40.69865,144.12287,3.74958,24.10081,1.566601,4,0.159833,Pro-SiVIC,True
80.87649,43.42144,152.07112,3.72049,25,0.403333,0.049821,0,Pro-SiVIC,True
81.40515,44.08045,145.50117,1.9107,19.98824,0.628378,0.080852,0.055719,Pro-SiVIC,True
81.41625,44.08667,145.30701,1.89273,19.9861,0.647729,0.08559,0.063435,Pro-SiVIC,True
81.46756,42.83568,149.99765,3.13732,22.38696,0.880666,0.117928,0.108691,Pro-SiVIC,True
81.54913,44.08185,145.32781,1.93271,19.98725,0.57015,0.079552,0,Pro-SiVIC,True
81.59192,44.86148,150.93348,2.73348,24.77762,0.084004,0.065166,0,Pro-SiVIC,True
82.20107,40.12638,142.24254,3.67527,24.40257,1.902577,4,0.07075,Pro-SiVIC,True
