id,ps_x,ps_y,ps_orient,ps_vp,ps_vc,ps_of1,ps_of2,ps_of3,ps_det,ps_col,sivic_x,sivic_y,sivic_orient,sivic_vp,sivic_vc,sivic_of1,sivic_of2,sivic_of3,sivic_det,sivic_col,sivic_conf,theory_of1,SafeViol
1,20,44.488503,40,3.43792,12.663756,0.119521,0.103889,0.026852,1,1,262.7,307.261497,-140,3.43792,45.589522,0.443251,0.208581,0.343418,1,1,0.1,0.458825,0
2,20,44.828281,40,3.478867,13.865883,0.04299,0.103777,0.035169,1,1,262.7,306.921719,-140,3.478867,49.917179,0.359912,0.241464,0.043997,1,1,0.15,0.573885,0
3,20,46.190326,78.712884,1.982663,16.249955,0.156095,0.082359,0.213189,1,1,262.7,305.559674,-101.287116,1.982663,58.499838,1.001694,0.180277,0.62187,1,1,0.1,3.265966,0
4,20,46.296194,76.99331,1.983902,16.258393,0.056263,0.081631,0.043184,1,1,262.7,305.453806,-103.00669,1.983902,58.530215,1.14924,0.238199,0.415922,1,1,0.15,3.079092,0
5,20,47.489238,41.937103,1.562024,11.864869,0.648463,0.13938,0,1,1,262.7,304.260762,-138.062897,1.562024,42.713528,0.429032,0.180447,0.409732,1,1,0.1,0.361628,0
6,20,47.754106,67.604024,1,16.734656,0.116149,0.089224,0,1,1,262.7,303.995894,-112.395976,1,60.244762,1.041895,0.258867,2.543763,1,1,0.1,1.763778,0
7,20,48,117.089002,2.077485,18.890716,1.071244,0.072175,0,1,1,262.7,303.75,-62.910998,2.077485,68.006578,0.318543,4,0.943352,0,1,0.65,1.087174,0
8,20.0016,44.825384,40.278814,3.479193,13.874704,0.058792,0.100675,0.056331,1,1,262.6984,306.924616,-139.721186,3.479193,49.948934,0.601195,0.302499,0.065019,1,1,0.1,0.593022,0
9,20.022128,45.13789,50.387391,3.080751,13.848245,0.352665,0.083602,0.045191,1,1,262.677872,306.61211,-129.612609,3.080751,49.853682,0.370155,0.180476,0.459701,1,1,0.15,1.41419,0
10,20.31775,38.966102,61.458103,4.807199,11.02276,0.049256,4,0.090751,0,1,262.38225,312.783898,-118.541897,4.807199,39.681936,0.889693,4,0.182185,0,1,0.5,3.951473,1
11,20.339434,45.712979,125.29605,2.63865,12.768944,0.011678,0.090569,0.097744,1,1,262.360566,306.037021,-54.70395,2.63865,45.968198,1.200275,0.302453,0.802942,1,1,0.15,2.197742,0
12,20.339611,45.743476,125.284509,2.622004,12.816378,0.028528,0.087606,0.02095,1,1,262.360389,306.006524,-54.715491,2.622004,46.138961,0.989966,0.302436,0.826786,1,1,0.25,2.185696,0
13,20.870268,45.984255,118.017861,3.045383,19.608928,0.147451,0.052948,0.13953,0,1,261.829732,305.765745,-61.982139,3.045383,70.592141,1.443048,4,0.301663,0,1,0.4,2.671422,1
14,20.889154,47.85641,65.802443,1,16.704839,0.236793,0.063199,0,1,1,261.810846,303.89359,-114.197557,1,60.13742,0.939556,0.215314,0.100096,1,1,0.1,1.600902,0
15,20.913919,38.830234,61.59416,4.704614,11.022707,0.083966,4,0.002017,0,1,261.786081,312.919766,-118.40584,4.704614,39.681745,0.886464,4,0.367483,0,1,0.35,4.156855,1
16,21.116215,45.777727,115.190917,3.154986,19.757615,0.153863,0.060897,0.147247,0,1,261.583785,305.972273,-64.809083,3.154986,71.127414,1.241863,4,1.607087,0,1,0.25,2.963259,1
17,21.182902,47.766463,66.128714,1,16.694884,0.163996,0.065282,0,1,1,261.517098,303.983537,-113.871286,1,60.101582,0.928903,0.25888,0.696449,1,1,0.15,1.689754,0
18,21.183116,47.768015,66.130124,1,16.695744,0.165282,0.065212,0,1,1,261.516884,303.981985,-113.869876,1,60.104678,1.171041,0.258885,0.697544,1,1,0.2,1.688256,0
19,21.344168,45.768481,116.040334,3.14572,19.618602,0.152008,0.05632,0.217953,0,1,261.355832,305.981519,-63.959666,3.14572,70.626967,1.352476,4,0.916243,0,1,0.35,2.912859,1
20,21.354859,45.958798,117.50266,3.178355,19.637685,0.047577,4,0.081563,0,1,261.345141,305.791202,-62.49734,3.178355,70.695666,1.573612,4,0.966659,0,1,0.15,2.640051,1
21,21.406335,47.438336,145.700276,3.181143,25,0.108254,0.038918,0,0,1,261.293665,304.311664,-34.299724,3.181143,90,1.207269,4,0.903794,0,1,0.25,0.460147,1
22,21.428687,47.431674,145.688314,3.163161,25,0.023044,4,0,0,1,261.271313,304.318326,-34.311686,3.163161,90,1.229719,4,0.867825,0,1,0.2,0.478157,1
23,21.477102,47.435295,145.555711,3.180146,25,0.056744,0.041631,0,0,1,261.222898,304.314705,-34.444289,3.180146,90,1.22099,4,0.816505,0,1,0.25,0.463538,1
24,21.563933,47.438154,145.730823,3.18124,24.963653,0.046925,0.045471,0,0,1,261.136067,304.311846,-34.269177,3.18124,89.869151,1.257335,4,0.694931,0,1,0.3,0.445553,1
25,21.566073,47.438085,145.730811,3.181369,24.963032,0.047702,0.045566,0,0,1,261.133927,304.311915,-34.269189,3.181369,89.866915,1.253839,4,0.691977,0,1,0.3,0.44492,1
26,21.668462,45.088832,53.704073,3.423869,14.67771,1.015996,0.07867,0.054939,1,1,261.031538,306.661168,-126.295927,3.423869,52.839756,1.014254,0.208617,0.507567,1,0,0.2,1.20892,0
27,21.694571,45.089619,53.682372,3.428593,14.671309,1.0316,0.078778,0.024575,1,1,261.005429,306.660381,-126.317628,3.428593,52.816712,1.043814,0.208618,0.44367,1,0,0.25,1.194013,0
28,21.725422,45.091874,53.37234,3.422719,14.733212,0.995453,0.078983,0.051891,1,1,260.974578,306.658126,-126.62766,3.422719,53.039563,1.006118,0.2415,0.4567,1,0,0.1,1.189816,0
29,22.337585,43.318198,123.8232,3.596264,10,0.105697,0.108539,0.061763,1,1,260.362415,308.431802,-56.1768,3.596264,36,1.414429,4,0.850803,0,1,0.55,3.201252,0
30,22.526482,47.477055,152.82512,3.503353,25,0.034432,4,0,0,1,260.173518,304.272945,-27.17488,3.503353,90,1.613379,4,0.985367,0,1,0.45,0.121177,1
31,24.176343,46.975992,141.855904,3.200737,24.25957,0.063295,0.757994,0,0,1,258.523657,304.774008,-38.144096,3.200737,87.334452,1.531073,4,0.768601,0,1,0.5,0.701661,1
32,24.419217,46.969391,141.94359,3.201349,24.282693,0.024677,0.766555,0,0,1,258.280783,304.780609,-38.05641,3.201349,87.417695,1.216404,4,0.478667,0,1,0.35,0.686179,1
33,24.920576,45.563014,110.820637,3.308424,21.939028,0.122764,0.044981,0.135236,0,1,257.779424,306.186986,-69.179363,3.308424,78.980501,1.010493,0.136076,3.438211,1,1,0.15,3.26291,1
34,24.996462,45.550483,110.617702,3.162651,22.172064,0.099899,0.0491,0.083312,0,1,257.703538,306.199517,-69.382298,3.162651,79.81943,1.140151,4,1.258332,0,1,0.1,3.338609,1
35,25.325585,43.225367,130.848923,3.633278,10.190444,0.055198,4,0.033232,0,1,257.374415,308.524633,-49.151077,3.633278,36.685598,1.517537,4,0.601163,0,1,0.3,2.088365,1
36,25.344091,43.214216,130.808186,3.632873,10.162027,0.006393,4,0.043206,0,1,257.355909,308.535784,-49.191814,3.632873,36.583297,1.524359,4,0.550619,0,1,0.4,2.090708,1
37,25.498938,43.581798,93.542224,4.370916,21.120453,0.047339,0.047252,0.101643,0,1,257.201062,308.168202,-86.457776,4.370916,76.033631,0.852813,4,3.135262,0,1,0.15,6.14781,1
38,27.201566,44.42904,100.844679,4.986897,21.770987,1.486044,0.068464,0,0,0,255.498434,307.32096,-79.155321,4.986897,78.375553,0.768225,4,1.212355,0,0,0.35,4.611179,1
39,27.239495,44.457162,100.593733,4.87925,21.784272,1.410556,0.078231,0,0,1,255.460505,307.292838,-79.406267,4.87925,78.423379,0.710864,4,0.920856,0,0,0.45,4.620977,1
40,27.767813,42.95375,129.148815,3.699896,10.812929,0.232958,4,0.007431,0,1,254.932187,308.79625,-50.851185,3.699896,38.926544,0.950347,0.215267,0.318229,1,1,0.2,2.272995,1
41,28.05441,42.947449,110.621114,2.425047,10.044054,0.047278,0.104653,0.101015,1,1,254.64559,308.802551,-69.378886,2.425047,36.158594,1.411239,4,0.296817,0,1,0.45,5.094539,0
42,28.061294,41.574125,61.648836,4.536047,17.77359,0.068732,0.079929,0.053847,1,1,254.638706,310.175875,-118.351164,4.536047,63.984924,1.262757,0.21279,0.32334,1,0,0.2,3.991485,0
43,28.061444,41.564799,61.469624,4.56704,17.826352,0.015986,0.076797,0.115487,1,1,254.638556,310.185201,-118.530376,4.56704,64.174867,1.274345,0.212788,0.39074,1,0,0.2,3.955089,0
44,28.305678,48,153.202422,1.715681,20.246454,0.231007,0.048313,0,0,1,254.394322,303.75,-26.797578,1.715681,72.887234,0.880687,4,0.668843,0,1,0.45,0.068684,1
45,28.319772,48,153.273368,1.760652,20.24176,0.240661,0.048634,0,0,1,254.380228,303.75,-26.726632,1.760652,72.870336,1.083137,4,0.687303,0,1,0.45,0.118823,1
46,28.367666,48,153.172503,1.760561,20.241633,0.237744,0.049127,0,0,1,254.332334,303.75,-26.827497,1.760561,72.869879,0.854901,4,0.634137,0,1,0.45,0.124901,1
47,29.113047,43.000311,82.611091,4.231892,20.623973,0.305585,0.050771,0.417246,0,1,253.586953,308.749689,-97.388909,4.231892,74.246303,0.134163,0.234714,1.605892,1,1,0.2,6.031867,1
48,29.139419,43.012012,82.609974,4.234485,20.631805,0.323331,0.051205,0.267297,0,1,253.560581,308.737988,-97.390026,4.234485,74.274498,0.642658,0.03724,1.461513,1,1,0.15,6.018866,1
49,29.164223,43.00533,82.630823,4.235354,20.492649,0.362612,0.049904,0.599096,0,1,253.535777,308.74467,-97.369177,4.235354,73.773536,0.391708,0.133032,0.180922,1,1,0.4,6.019023,1
50,29.437268,44.866838,45.109757,3.701219,22.757443,0.097418,0.057953,0.133879,0,1,253.262732,306.883162,-134.890243,3.701219,81.926795,0.780933,0.18045,0.817579,1,1,0.25,1.303374,1
51,29.449357,44.883872,45.124607,3.694804,22.751521,0.092804,0.058102,0.115772,0,1,253.250643,306.866128,-134.875393,3.694804,81.905476,1.174196,0.093729,0.800902,1,1,0.1,1.292266,1
52,29.464295,47.963648,159.99532,1.843771,20.162942,0.021899,0.139287,0,0,1,253.235705,303.786352,-20.00468,1.843771,72.586591,1.174532,4,0.27878,0,1,0.25,0.417215,1
53,29.494774,44.814436,44.610638,3.740441,22.7744,0.130086,0.064145,0.005783,0,1,253.205226,306.935564,-135.389362,3.740441,81.98784,0.880824,0.084571,0.678468,1,1,0.1,1.277094,1
54,29.83017,43.720317,106.40821,4.77542,23.899347,0.349879,4,0.021488,0,1,252.86983,308.029683,-73.59179,4.77542,86.037649,0.713354,0.138236,1.47953,1,1,0.15,4.861359,1
55,30.237511,46.328566,40,2.77999,22.419964,0.20107,0.049467,0,0,1,252.462489,305.421434,-140,2.77999,80.71187,0.690894,0.116795,0.724188,1,1,0.15,0.548869,1
56,30.237525,46.328121,40,2.775062,22.419266,0.195587,0.049374,0,0,1,252.462475,305.421879,-140,2.775062,80.709358,0.698181,0.116795,0.727554,1,1,0.2,0.555396,1
57,30.252594,46.380431,40,2.72979,22.401306,0.219672,0.049187,0,0,1,252.447406,305.369569,-140,2.72979,80.644702,0.689812,0.268599,0.734227,1,1,0.1,0.554316,1
58,30.252608,46.379986,40,2.724862,22.400608,0.21303,0.049252,0,0,1,252.447392,305.370014,-140,2.724862,80.642189,0.688141,0.116795,0.737554,1,1,0.15,0.56086,1
59,30.329861,45.399662,40,3.425319,22.285623,0.062529,0.050748,0.010907,0,1,252.370139,306.350338,-140,3.425319,80.228243,0.547306,0.29028,0.489483,1,1,0.2,0.632572,1
60,30.386721,43.316864,55.628466,4.581567,23.848235,0.118907,0.084119,0.037081,0,1,252.313279,308.433136,-124.371534,4.581567,85.853646,0.80156,0.186779,0.214299,1,1,0.15,2.743874,1
61,30.414201,43.571149,100.488526,4.09123,23.352166,0.145456,0.074414,0.43278,0,1,252.285799,308.178851,-79.511474,4.09123,84.067798,0.9666,0.154307,2.980274,1,1,0.4,5.599502,1
62,30.447696,46.86629,41.633559,2.017666,21.401697,0.12619,0.076047,0,0,1,252.252304,304.88371,-138.366441,2.017666,77.046109,0.764069,0.253682,0.693717,1,1,0.15,0.842739,1
63,30.484546,48,153.57975,1,15.542595,0.034214,0.060865,0,0,1,252.215454,303.75,-26.42025,1,55.953342,1.002236,4,0.47627,0,1,0.15,0.294066,1
64,30.596173,48,149.943038,1,19.938204,0.064076,0.061083,0,0,1,252.103827,303.75,-30.056962,1,71.777534,1.215826,0.180436,0.121393,1,1,0.3,0.704479,1
65,30.602029,47.999938,149.98954,1,19.942399,0.064848,0.061074,0,0,1,252.097971,303.750062,-30.01046,1,71.792636,1.215519,0.180436,0.119715,1,1,0.2,0.70388,1
66,30.617619,47.208089,102.1177,1,17.801402,0.077815,0.075946,0,1,1,252.082381,304.541911,-77.8823,1,64.085047,0.743318,0.119405,1.300384,1,1,0.15,2.449752,0
67,30.93997,44.695973,134.928496,3.954732,16.289818,0.448223,4,0,0,1,251.76003,307.054027,-45.071504,3.954732,58.643345,0.51165,4,0.378039,0,1,0.5,0.769778,1
68,31.425322,46.699372,124.653416,1.24333,14.14311,0.086404,0.11649,0,0,1,251.274678,305.050628,-55.346584,1.24333,50.915196,0.687864,4,0.738393,0,1,0.35,1.834039,1
69,31.526375,46.086198,124.413085,1.297021,12.749035,0.205113,0.076856,0,1,1,251.173625,305.663802,-55.586915,1.297021,45.896526,1.047946,0.238218,0.233323,1,1,0.2,2.238369,0
70,31.706882,44.366344,121.806537,4.661891,23.081061,0.499803,0.101951,0,0,1,250.993118,307.383656,-58.193463,4.661891,83.09182,0.517196,4,0.995799,0,1,0.55,2.741901,1
71,31.751329,45.874186,88.827552,1.953741,18.655226,0.415967,0.053746,0,1,1,250.948671,305.875814,-91.172448,1.953741,67.158814,0.355058,0.171771,2.716597,1,1,0.25,4.049897,0
72,31.755884,45.059487,127.690589,1.733906,10.827803,0.063077,4,0.013025,0,1,250.944116,306.690513,-52.309411,1.733906,38.980091,1.207828,0.334521,0.384262,1,1,0.15,2.172998,1
73,31.757403,45.861173,86.356629,1.972114,18.693686,0.43767,0.054536,0,1,1,250.942597,305.888827,-93.643371,1.972114,67.29727,0.126487,0.171771,2.718837,1,1,0.3,3.900777,0
74,31.760502,44.394851,120.643408,4.661148,22.998545,0.627088,0.06345,0,0,1,250.939498,307.355149,-59.356592,4.661148,82.794762,0.682877,4,0.638136,0,1,0.65,2.800608,1
75,31.769591,46.824935,124.420717,1.162855,14.040913,0.117441,0.109715,0,1,1,250.930409,304.925065,-55.579283,1.162855,50.547287,0.745158,0.119395,0.577208,1,1,0.15,1.781399,0
76,31.774016,46.755155,124.602448,1.156054,14.14262,0.065805,0.145397,0,0,1,250.925984,304.994845,-55.397552,1.156054,50.913432,0.793667,0.190069,0.731015,1,1,0.15,1.861133,1
77,31.777053,45.059403,127.620704,1.734961,10.824467,0.069259,4,0.062491,0,1,250.922947,306.690597,-52.379296,1.734961,38.968081,1.211084,0.238162,0.346975,1,1,0.2,2.173579,1
78,31.789433,45.98042,86.321161,1.976271,18.698953,0.565317,0.054033,0,1,1,250.910567,305.76958,-93.678839,1.976271,67.316231,0.260803,0.302513,2.591638,1,1,0.35,3.77866,0
79,31.804521,47.957846,151.833141,1.005105,14.169384,0.177146,0.066538,0,1,1,250.895479,303.792154,-28.166859,1.005105,51.009782,0.822794,4,0.411974,0,1,0.25,0.122471,0
80,31.812299,47.854278,150.541214,1,14.311434,0.096194,0.094965,0,0,1,250.887701,303.895722,-29.458786,1,51.521162,0.978357,4,0.024706,0,1,0.3,0.274088,1
81,31.829272,45.1447,130.615772,1.734713,10.447887,0.0517,4,0.078253,0,1,250.870728,306.6053,-49.384228,1.734713,37.612393,1.289954,0.238162,0.107138,1,1,0.2,1.791837,1
82,31.830467,45.146315,130.515167,1.735047,10.442082,0.015625,4,0.063413,0,1,250.869533,306.603685,-49.484833,1.735047,37.591495,1.291125,0.33451,0.091691,1,1,0.1,1.794904,1
83,31.831342,45.144485,130.542909,1.735045,10.443055,0.016863,4,0.06685,0,1,250.868658,306.605515,-49.457091,1.735045,37.594998,1.291176,0.33451,0.099903,1,1,0.2,1.795025,1
84,31.831464,45.150733,130.395912,1.735069,10.411632,0.044428,0.096411,0.050009,1,1,250.868536,306.599267,-49.604088,1.735069,37.481875,1.276915,0.180238,0.054314,1,1,0.1,1.790722,0
85,31.833423,44.747978,117.154786,2.75691,15.04582,0.747252,0.071483,0,1,1,250.866577,307.002022,-62.845214,2.75691,54.164952,0.695126,4,1.011216,0,0,0.65,2.955518,0
86,31.839908,44.065403,115.563213,4.956673,23.820444,0.758408,0.042164,0,0,1,250.860092,307.684597,-64.436787,4.956673,85.753598,0.7533,4,1.774867,0,1,0.85,3.517503,1
87,31.859496,44.761781,119.553996,2.846017,14.967586,0.787951,0.067315,0,1,1,250.840504,306.988219,-60.446004,2.846017,53.88331,0.65201,0.215352,0.222483,0,0,0.4,2.665749,0
88,31.939328,46.15955,123.694542,1.253154,12.839357,0.178548,0.091441,0,1,1,250.760672,305.59045,-56.305458,1.253154,46.221685,1.000599,0.28639,0.25381,1,1,0.15,2.238191,0
89,31.941803,46.097677,123.992846,1.254404,12.748866,0.230011,0.08403,0,1,1,250.758197,305.652323,-56.007154,1.254404,45.895918,1.083925,0.208285,0.161619,1,1,0.1,2.274776,0
90,31.995332,47.777156,132.781581,1,15.913401,0.402596,0.066632,0,1,1,250.704668,303.972844,-47.218419,1,57.288244,0.62918,0.190106,0.587585,1,1,0.25,0.916783,0
91,32.209304,47.096511,131.636657,1,13.611402,0.057565,0.151441,0,0,1,250.490696,304.653489,-48.363343,1,49.001047,0.943215,0.212687,0.587055,1,1,0.2,1.41198,1
92,32.496708,42.83886,64.979664,5,23.064665,1.066616,0.060255,0,0,1,250.203292,308.91114,-115.020336,5,83.032794,1.098215,0.249921,0.70499,1,0,0.2,3.431053,1
93,32.500963,42.802307,65.092678,5,23.062085,1.035976,0.058215,0.024341,0,1,250.199037,308.947693,-114.907322,5,83.023506,1.07171,0.249921,0.715954,1,0,0.2,3.481292,1
94,32.658611,41.282615,80.890254,5,23.458438,0.38327,0.107366,0.073629,0,1,250.041389,310.467385,-99.109746,5,84.450377,1.528572,0.204073,4.515838,1,1,0.15,7.314841,1
95,32.66319,41.28462,80.896156,5,23.455762,0.381535,0.107611,0.030836,0,1,250.03681,310.46538,-99.103844,5,84.440743,0.958636,0.204073,4.471198,1,1,0.15,7.313347,1
96,32.846243,41.338043,80.741079,5,23.473035,0.317951,0.066736,0.326271,0,1,249.853757,310.411957,-99.258921,5,84.502926,0.548263,4,3.273333,0,1,0.25,7.229799,1
97,32.850822,41.340048,80.74698,5,23.470359,0.318124,0.066962,0.284185,0,1,249.849178,310.409952,-99.25302,5,84.493292,0.547041,4,3.249306,0,1,0.2,7.228267,1
98,33.925116,42.998749,121.063135,3.405868,15.199568,0.060816,4,0.084998,0,1,248.774884,308.751251,-58.936865,3.405868,54.718445,0.248812,4,0.564205,0,1,0.5,3.693376,1
99,33.928506,42.990691,121.063031,3.405851,15.19629,0.061702,4,0.06935,0,1,248.771494,308.759309,-58.936969,3.405851,54.706644,0.251022,4,0.550514,0,1,0.6,3.700485,1
100,33.971789,42.998624,121.063682,3.407557,15.209523,0.080057,4,0.02437,0,1,248.728211,308.751376,-58.936318,3.407557,54.754283,0.278768,4,0.495441,0,1,0.4,3.689245,1
101,33.994663,45.29949,123.175772,1.339764,10.816894,0.194541,0.101286,0.063898,1,1,248.705337,306.45051,-56.824228,1.339764,38.940818,1.364771,0.286358,0.654728,1,1,0.15,2.608002,0
102,34.264346,43.373041,120.919933,3.397819,15.104458,0.512333,0.0631,0.114586,0,1,248.435654,308.376959,-59.080067,3.397819,54.376049,0.662406,4,0.599163,0,0,0.6,3.291642,1
103,34.269562,43.371702,120.918809,3.39726,15.10446,0.511172,0.063422,0.103312,0,1,248.430438,308.378298,-59.081191,3.39726,54.376056,0.663012,4,0.588937,0,0,0.35,3.293025,1
104,34.416691,42.074033,85.535587,5,24.106482,0.520768,0.05871,0.267227,0,1,248.283309,309.675967,-94.464413,5,86.783335,0.614023,0.080649,1.21199,1,1,0.3,7.224108,1
105,34.601446,44.829161,131.691391,2.326665,13.497371,0.047618,0.074694,0.027986,1,1,248.098554,306.920839,-48.308609,2.326665,48.590536,0.633961,4,0.636025,0,1,0.5,1.647968,0
106,34.698025,42.973422,121.02308,3.369164,15.087821,0.151188,4,0.015242,0,1,248.001975,308.776578,-58.97692,3.369164,54.316156,0.351843,4,0.621942,0,1,0.75,3.657683,1
107,34.902167,40.752376,75.292347,5,22.67634,0.140412,0.091616,0.133859,0,1,247.797833,310.997624,-104.707653,5,81.634824,0.413612,0.281469,1.401652,1,1,0.25,6.74714,1
108,34.942659,44.425828,123.206027,2.540603,15.790215,0.037203,4,0.059374,0,1,247.757341,307.324172,-56.793973,2.540603,56.844774,0.126367,4,0.567131,0,1,0.9,2.852218,1
109,35.020326,44.41529,122.862061,2.539258,15.709958,0.014777,4,0.13698,0,1,247.679674,307.33471,-57.137939,2.539258,56.555849,0.2549,4,0.2073,0,1,0.4,2.871851,1
110,35.109856,44.238104,113.387592,2.494926,14.854176,0.524254,0.128171,0,1,1,247.590144,307.511896,-66.612408,2.494926,53.475034,0.593623,0.215352,0.391967,0,0,0.4,3.727511,0
111,35.111028,44.967579,87.223838,1.784548,17.903301,0.313203,0.060105,0.209925,1,1,247.588972,306.782421,-92.776162,1.784548,64.451884,0.467296,0.119417,3.204408,1,1,0.15,4.844105,0
112,35.121348,44.181883,113.43773,2.507703,14.860584,0.490244,0.223397,0,0,1,247.578652,307.568117,-66.56227,2.507703,53.498102,0.56842,4,0.409014,0,0,0.7,3.770471,1
113,35.155177,44.602897,108.354557,2.2044,14.17896,0.757017,0.071032,0,1,1,247.544823,307.147103,-71.645443,2.2044,51.044256,0.730347,0.215352,0.464399,0,0,0.2,3.893802,0
114,35.236356,44.96317,88.048362,1.780317,17.979574,0.334236,0.060133,0.227591,1,1,247.463644,306.78683,-91.951638,1.780317,64.726466,0.434353,0.141937,3.206902,1,1,0.15,4.904959,0
115,35.351749,41.516008,76.236454,5,23.485361,0.431811,0.047878,0.281984,0,1,247.348251,310.233992,-103.763546,5,84.5473,0.552935,0.174587,1.582649,1,0,0.15,6.21393,1
116,35.751334,43.559729,125.804163,3.515375,17.396892,0.06713,4,0.020334,0,1,246.948666,308.190271,-54.195837,3.515375,62.628811,0.125314,4,0.440714,0,1,0.4,2.794693,1
117,36.00904,46.81293,137.154432,1.173579,10.858426,0.472133,0.091967,0,1,1,246.69096,304.93707,-42.845568,1.173579,39.090334,0.690751,0.238256,0.487527,1,1,0.25,0.528328,0
118,36.173339,45.807353,54.388433,2.168191,22.570204,0.060281,0.050169,0,0,1,246.526661,305.942647,-125.611567,2.168191,81.252734,0.6839,0.217075,0.344327,1,1,0.25,1.994193,1
119,36.182619,45.802577,54.310729,2.162089,22.606581,0.012867,0.048052,0,0,1,246.517381,305.947423,-125.689271,2.162089,81.383692,0.665466,0.116798,0.420076,1,1,0.15,2.005057,1
120,36.318526,41.645004,84.319556,5,23.787164,0.614245,0.063621,0.084209,0,1,246.381474,310.104996,-95.680444,5,85.63379,0.623893,0.145064,3.47798,1,0,0.2,7.396988,1
121,36.39541,45.799091,53.799703,2.167933,22.565834,0.000777,0.061897,0,0,1,246.30459,305.950909,-126.200297,2.167933,81.237002,0.563874,0.105022,0.945165,1,1,0.1,1.958626,1
122,36.399203,45.799555,53.803089,2.16743,22.5678,0.000534,0.0619,0,0,1,246.300797,305.950445,-126.196911,2.16743,81.24408,0.561889,0.156589,0.950771,1,1,0.15,1.958881,1
123,36.633523,43.251369,122.998741,4.001221,17.007753,0.866289,0.058561,0,1,1,246.066477,308.498631,-57.001259,4.001221,61.227911,1.23941,0.29031,0.12526,0,0,0.35,2.812464,0
124,37.10912,43.119186,123.63395,4.258442,18.193262,0.729854,0.144481,0,0,1,245.59088,308.630814,-56.36605,4.258442,65.495743,1.027448,4,0.945272,0,0,0.35,2.837882,1
125,37.109328,42.506679,123.399353,2.523838,11.05006,0.026516,0.10912,0.041809,1,1,245.590672,309.243321,-56.600647,2.523838,39.780216,1.084532,0.302436,0.231951,1,1,0.25,3.555095,0
126,37.509736,42.615435,117.197861,2.712467,13.911027,0.206016,0.080371,0.067003,1,1,245.190264,309.134565,-62.802139,2.712467,50.079697,0.245159,4,0.948843,0,1,0.65,4.522721,0
127,37.958862,44.169819,122.160494,3.135032,17.52315,0.629034,0.060439,0,1,1,244.741138,307.580181,-57.839506,3.135032,63.08334,0.885139,0.236195,0.353821,0,0,0.25,2.682012,0
128,37.959039,44.200316,122.148953,3.118385,17.570583,0.621823,0.056411,0,1,1,244.740961,307.549684,-57.851047,3.118385,63.254099,0.87742,0.236195,0.460607,0,0,0.2,2.674228,0
129,38.050394,43.543859,125.700012,2.215164,10.768923,0.431401,4,0,0,1,244.649606,308.206141,-54.299988,2.215164,38.768123,0.615217,0.21532,0.248747,1,1,0.15,2.529299,1
130,38.252302,43.487939,140.007734,3.848751,13.802574,0.351081,0.059713,0.040635,0,1,244.447698,308.262061,-39.992266,3.848751,49.689266,0.125768,4,0.24527,0,1,0.4,0.411362,1
131,38.252359,43.448592,139.923265,3.792831,13.814584,0.254229,0.059852,0.073529,0,1,244.447641,308.301408,-40.076735,3.792831,49.732502,0.125792,4,0.144013,0,1,0.55,0.273337,1
132,38.293172,44.298554,92.646443,1.739556,14.58816,0.062418,0.07039,0.03844,1,1,244.406828,307.451446,-87.353557,1.739556,52.517376,0.253982,0.128177,2.690333,1,1,0.3,5.513103,0
133,38.293793,44.298434,92.646602,1.73934,14.586909,0.064768,0.070372,0.039059,1,1,244.406207,307.451566,-87.353398,1.73934,52.512872,0.255422,0.093786,2.690547,1,1,0.4,5.513243,0
134,38.322925,44.2913,92.885744,1.722565,14.68076,0.051289,0.100401,0.096539,1,1,244.377075,307.4587,-87.114256,1.722565,52.850736,0.1384,0.18046,2.741568,1,1,0.25,5.506054,0
135,38.338139,44.290597,92.547645,1.734364,14.617463,0.030942,0.069439,0.056228,1,1,244.361861,307.459403,-87.452355,1.734364,52.622867,0.258027,0.286457,2.712605,1,1,0.2,5.528621,0
136,38.351943,44.974153,134.274334,2.400984,13.208909,0.612869,0.073579,0,1,1,244.348057,306.775847,-45.725666,2.400984,47.552072,0.363237,4,0.593194,0,1,0.5,0.715254,0
137,38.429362,43.425494,125.875018,2.230899,10,0.777927,0.108598,0,1,1,244.270638,308.324506,-54.124982,2.230899,36,0.759495,4,0.386113,0,1,0.2,2.305549,0
138,38.562695,43.381241,125.891474,2.209771,10,0.702223,0.155686,0,0,1,244.137305,308.368759,-54.108526,2.209771,36,0.684549,4,0.120399,0,1,0.2,2.367485,1
139,38.664428,46.31965,44.124362,1.401575,16.135219,0.047401,0.066764,0,1,1,244.035572,305.43035,-135.875638,1.401575,58.086788,0.215839,0.212784,0.323524,1,1,0.2,1.111856,0
140,38.712056,45.797637,99.996288,2.018696,22.546019,0.368108,0.048734,0,0,1,243.987944,305.952363,-80.003712,2.018696,81.165668,0.294674,4,2.626258,0,1,0.3,3.649076,1
141,39.073052,43.52792,125.109446,2.29478,10.655493,0.860355,0.094859,0,1,1,243.626948,308.22208,-54.890554,2.29478,38.359775,0.277708,4,0.010713,0,1,0.4,2.344519,0
142,39.30588,44.900392,45.48554,2.007157,15.219565,0.186971,0.080979,0,1,1,243.39412,306.849608,-134.51446,2.007157,54.790434,0.649201,0.119461,0,1,0,0.15,1.082703,0
143,39.449814,46.32038,40,1.426905,15.922351,0.052712,0.068401,0,1,1,243.250186,305.42962,-140,1.426905,57.320464,0.270147,0.266612,0.002267,1,1,0.1,0.804287,0
144,39.820996,46.576012,140.978984,2.022019,16.352854,0.611225,0.060742,0,1,1,242.879004,305.173988,-39.021016,2.022019,58.870274,0.453652,4,0,0,1,0.3,0.12706,0
145,39.925591,46.498092,144.067179,1.939238,16.45739,0.225491,0.180797,0,0,1,242.774409,305.251908,-35.932821,1.939238,59.246604,0.446373,4,0.412944,0,1,0.4,0.064484,1
146,40.160629,46.041439,160,3.685834,12.827836,0.357033,0.215377,0,0,1,242.539371,305.708561,-20,3.685834,46.18021,0.526107,4,0.140099,0,1,0.45,5.743681,1
147,40.287199,44.269293,93.383246,2.35752,20.03211,0.184922,0.050819,0,0,1,242.412801,307.480707,-86.616754,2.35752,72.115596,0.528276,4,2.677114,0,0,0.45,5.480281,1
148,40.291583,42.115266,137.663657,3.601765,11.786616,0.097128,4,0.018638,0,1,242.408417,309.634734,-42.336343,3.601765,42.431818,0.647951,4,0.326968,0,1,0.25,0.331207,1
149,40.310931,44.24818,93.408726,2.340938,20.145323,0.113043,0.080232,0,0,1,242.389069,307.50182,-86.591274,2.340938,72.523163,0.497704,4,0.985417,0,1,0.35,5.502157,1
150,40.332835,48,160,1.417188,16.642107,0.291145,0.362914,0,0,1,242.367165,303.75,-20,1.417188,59.911585,0.646069,4,0,0,1,0.45,1.132725,1
151,40.335651,46.781912,52.152876,1.485657,24.962694,0.061223,0.041944,0,0,1,242.364349,304.968088,-127.847124,1.485657,89.865698,0.924164,0.302494,0.826752,1,1,0.15,1.671879,1
152,40.339081,47.979604,159.89396,1.408188,16.613459,0.271767,0.36803,0,0,1,242.360919,303.770396,-20.10604,1.408188,59.808452,0.698964,4,0,0,1,0.55,1.096312,1
153,40.357209,44.271099,93.361886,2.360094,19.968283,0.213858,0.050333,0,0,1,242.342791,307.478901,-86.638114,2.360094,71.885819,0.634147,4,2.675252,0,0,0.4,5.478621,1
154,40.373594,46.777821,52.13118,1.475288,25,0.065275,0.044001,0,0,1,242.326406,304.972179,-127.86882,1.475288,90,0.934858,0.233603,0.864033,1,1,0.1,1.687385,1
155,40.441692,46.79393,52.12363,1.462023,24.986061,0.106541,0.041685,0,0,1,242.258308,304.95607,-127.87637,1.462023,89.94982,0.952397,0.302489,0.741983,1,1,0.2,1.681685,1
156,40.515193,46.748265,52.153302,1.477967,25,0.089145,0.041791,0,0,1,242.184807,305.001735,-127.846698,1.477967,90,0.986114,0.155207,0.633673,1,1,0.15,1.709839,1
157,40.649601,46.976872,103.759094,1,18.500098,0.290071,0.054051,0,1,1,242.050399,304.773128,-76.240906,1,66.600353,0.192725,4,0,0,1,0.35,2.526454,0
158,40.652995,46.911837,103.349652,1.007662,18.45016,0.252045,0.059485,0,1,1,242.047005,304.838163,-76.650348,1.007662,66.420576,0.300495,0.093783,0.332863,1,1,0.15,2.601299,0
159,40.708572,46.745966,103.52213,1,18.533924,0.108322,0.053436,0,1,1,241.991428,305.004034,-76.47787,1,66.722126,0.397842,0.286448,0.757313,1,1,0.2,2.765986,0
160,40.723164,46.745383,103.183872,1,18.471878,0.095943,0.061255,0,1,1,241.976836,305.004617,-76.816128,1,66.498761,0.456424,0.141939,0.171524,1,1,0.1,2.776838,0
161,40.834398,44.899735,130.3608,1.82853,15.206412,0.426373,0.069373,0.052317,1,1,241.865602,306.850265,-49.6392,1.82853,54.743083,0.645091,0.190072,0.223553,1,1,0.2,2.181799,0
162,40.838571,44.925976,130.202649,1.82523,15.176217,0.393325,0.069033,0.066738,1,1,241.861429,306.824024,-49.797351,1.82523,54.634381,0.629636,0.190079,0.139843,1,1,0.2,2.164956,0
163,40.855182,43.34958,98.06308,1.681844,12.164311,0.06347,0.081678,0.19708,1,1,241.844818,308.40042,-81.93692,1.681844,43.79152,0.425261,0.15892,0.854937,1,1,0.15,5.952694,0
164,40.942827,45.170844,129.172034,1.866592,15.158736,0.045024,4,0,0,1,241.757173,306.579156,-50.827966,1.866592,54.57145,0.328138,4,0.652355,0,1,0.3,1.917448,1
165,41.057751,44.900917,124.212706,1.493202,13.266822,0.302826,0.077993,0.01326,1,1,241.642249,306.849083,-55.787294,1.493202,47.760559,0.884134,0.286422,0.37032,1,1,0.1,2.717646,0
166,41.160833,45.914675,145.965819,2.535621,14.904831,0.557559,0.06579,0,1,1,241.539167,305.835325,-34.034181,2.535621,53.657392,0.288042,4,0,0,1,0.75,1.203599,0
167,41.332663,38.838614,105.342591,4.388691,16.434146,0.008294,0.080102,0.200645,1,1,241.367337,312.911386,-74.657409,4.388691,59.162926,1.870744,4,1.238618,0,0,0.2,8.825097,0
168,41.33553,38.839809,105.347474,4.385997,16.433972,0.009629,0.080371,0.186453,1,1,241.36447,312.910191,-74.652526,4.385997,59.162299,1.876774,0.286397,1.200875,1,0,0.15,8.824112,0
169,41.346319,38.83733,105.347016,4.387987,16.432715,0.022392,0.080928,0.140463,1,1,241.353681,312.91267,-74.652984,4.387987,59.157774,1.875844,4,1.179175,0,0,0.15,8.825052,0
170,41.349102,38.838915,105.340663,4.389071,16.431887,0.028343,0.081171,0.123126,1,1,241.350898,312.911085,-74.659337,4.389071,59.154793,1.882705,4,2.844491,0,0,0.15,8.823721,0
171,41.65435,38.713261,105.551655,4.384539,16.372364,0.032993,0.062115,0.317551,1,1,241.04565,313.036739,-74.448345,4.384539,58.94051,1.868688,0.241386,1.476544,1,0,0.2,8.894965,0
172,41.725445,43.999026,95.704089,1.989525,16.891587,0.065421,0.0678,0.018348,1,1,240.974555,307.750974,-84.295911,1.989525,60.809713,0.665198,0.382796,1.104422,1,0,0.15,5.563476,0
173,41.732893,43.995318,95.921015,2.007994,17.115291,0.021333,0.088209,0.039348,1,1,240.967107,307.754682,-84.078985,2.007994,61.615048,0.646846,0.238289,0.627293,0,0,0.2,5.552153,0
174,41.746482,43.999297,95.848198,2.01269,17.049388,0.057043,0.096828,0.006096,1,1,240.953518,307.750703,-84.151802,2.01269,61.377797,0.888662,0.286457,2.378462,0,0,0.15,5.551018,0
175,41.748951,43.999249,95.853939,2.01284,17.037702,0.071162,0.058196,0.005958,1,1,240.951049,307.750751,-84.146061,2.01284,61.335727,0.718724,0.190115,2.378578,1,0,0.2,5.550302,0
176,41.770429,38.770894,105.22379,4.355468,16.412665,0.009887,0.065461,0.275336,1,1,240.929571,312.979106,-74.77621,4.355468,59.085594,1.928846,0.266486,1.022241,1,0,0.2,8.89807,0
177,41.773302,38.772149,105.228665,4.35285,16.412487,0.016198,0.065638,0.260702,1,1,240.926698,312.977851,-74.771335,4.35285,59.084953,1.914264,0.286423,1.010013,1,0,0.25,8.897021,0
178,41.775335,38.770629,105.250161,4.358352,16.407972,0.018018,0.065407,0.242418,1,1,240.924665,312.979371,-74.749839,4.358352,59.068699,1.950305,0.286423,1.002532,1,0,0.15,8.892282,0
179,41.781202,38.768298,105.223349,4.357306,16.411416,0.021379,0.064917,0.228648,1,1,240.918798,312.981702,-74.776651,4.357306,59.081098,1.931947,0.388044,0.974271,1,0,0.2,8.899212,0
180,41.78815,43.998034,95.7384,1.996514,17.220065,0.024186,0.077418,0.066472,1,1,240.91185,307.751966,-84.2616,1.996514,61.992234,0.595767,0.23829,1.567572,1,0,0.2,5.567391,0
181,41.795201,43.990359,95.80396,2.01334,17.239365,0.04201,0.074687,0.053816,1,1,240.904799,307.759641,-84.19604,2.01334,62.061714,0.6469,0.067829,1.933641,1,0,0.15,5.567105,0
182,41.86965,48,150.870053,1,16.390019,0.384563,0.059398,0,1,1,240.83035,303.75,-29.129947,1,59.004068,0.421399,4,0,0,1,0.4,0.167014,0
183,41.878282,44.03405,96.047994,1.99066,17.201648,0.027293,0.084874,0.033004,1,1,240.821718,307.71595,-83.952006,1.99066,61.925933,0.623292,0.119437,0.623004,1,0,0.15,5.507768,0
184,42.007759,48,150.939539,1,16.390035,0.391468,0.060391,0,1,1,240.692241,303.75,-29.060461,1,59.004126,0.773053,4,0,0,1,0.35,0.176999,0
185,42.288029,45.759123,149.897858,2.809998,18.812043,0.229435,0.061257,0,1,1,240.411971,305.990877,-30.102142,2.809998,67.723355,0.70499,4,0.411074,0,1,0.25,0.837405,0
186,43.902852,47.861792,145.990035,1.026159,17.692952,0.427553,0.055853,0,1,1,238.797148,303.888208,-34.009965,1.026159,63.694627,0.278763,4,0,0,1,0.5,0.096925,0
187,43.994052,47.867169,145.950111,1.025325,17.753793,0.428586,0.056685,0,1,1,238.705948,303.882831,-34.049889,1.025325,63.913655,0.272483,4,0,0,1,0.5,0.09422,0
188,43.998125,47.895804,145.866507,1.026066,17.736802,0.464625,0.056637,0,1,1,238.701875,303.854196,-34.133493,1.026066,63.852487,0.250329,4,0,0,1,0.6,0.075454,0
189,43.999184,47.895286,145.738948,1.025581,17.739752,0.467696,0.056521,0,1,1,238.700816,303.854714,-34.261052,1.025581,63.863107,0.230609,4,0,0,1,0.6,0.080065,0
190,44.337055,47.941097,149.687521,1,17.718409,0.349856,0.068821,0,1,1,238.362945,303.808903,-30.312479,1,63.786272,0.565973,4,0,0,1,0.5,0.056394,0
191,44.344118,47.969686,149.531018,1,17.696368,0.38475,0.073065,0,1,1,238.355882,303.780314,-30.468982,1,63.706925,0.366277,0.141939,0,1,1,0.3,0.070942,0
192,45.62805,46.743538,151.285499,1.547101,15.231221,0.038735,4,0,0,1,237.07195,305.006462,-28.714501,1.547101,54.832396,0.649105,4,0.356071,0,1,0.3,0.617683,1
193,45.827355,48,160,1,15.422806,0.16496,0.207354,0,0,1,236.872645,303.75,-20,1,55.522102,0.839465,4,0,0,1,0.35,0.730446,1
194,45.915634,47.226839,154.109302,1.543496,18.275935,0.011442,0.066315,0,0,1,236.784366,304.523161,-25.890698,1.543496,65.793366,0.662271,4,0.221069,0,1,0.3,0.589932,1
195,46.402711,47.983058,154.742482,1,20.770884,0.100723,0.185311,0,0,1,236.297289,303.766942,-25.257518,1,74.775182,0.858388,0.141899,0.186261,1,1,0.2,0.041437,1
196,46.623284,39.514318,101.643004,4.624363,21.604037,0.121314,0.212153,0.012887,0,1,236.076716,312.235682,-78.356996,4.624363,77.774533,1.662887,4,0.221972,0,0,0.25,8.815123,1
197,46.658793,39.253599,101.290302,4.680336,21.513965,0.023853,0.05261,0.0867,0,1,236.041207,312.496401,-78.709698,4.680336,77.450274,1.67607,4,1.833724,0,0,0.4,9.102939,1
198,46.663204,39.255044,101.297533,4.672569,21.515259,0.010476,0.081082,0.067108,0,1,236.036796,312.494956,-78.702467,4.672569,77.454932,1.662403,4,1.822907,0,0,0.4,9.102627,1
199,47.101316,47.094367,137.859953,1.00052,18.960559,0.100174,0.074056,0,0,1,235.598684,304.655633,-42.140047,1.00052,68.258012,0.734823,0.10508,0.189273,1,1,0.2,1.125192,1
200,47.106169,40.820148,72.104482,2.947697,17.529151,0.014115,0.064028,0.065987,1,1,235.593831,310.929852,-107.895518,2.947697,63.104944,3.170499,0.485268,0,1,0,0.15,6.27019,0
201,47.127966,47.106209,136.668986,1,18.945636,0.051557,0.178805,0,0,1,235.572034,304.643791,-43.331014,1,68.20429,0.740013,4,0.064563,0,1,0.2,1.147665,1
202,47.275427,47.113224,136.729008,1,19.015214,0.04119,0.178138,0,0,1,235.424573,304.636776,-43.270992,1,68.45477,0.730424,4,0.061,0,1,0.3,1.139305,1
203,47.27751,40.785751,74.423795,2.944197,17.533089,0.01383,0.059676,0.119659,1,1,235.42249,310.964249,-105.576205,2.944197,63.11912,3.202116,0.489872,0,1,0,0.15,6.661511,0
204,47.300568,40.783088,74.212567,2.943505,17.532561,0.059706,0.059662,0.252058,1,1,235.399432,310.966912,-105.787433,2.943505,63.11722,3.232058,0.489908,0,1,0,0.25,6.630305,0
205,47.311975,35,105.000389,5,15.111268,0.158487,0.065828,0.248984,1,1,235.388025,316.75,-74.999611,5,54.400565,3.679276,4,0.391679,0,0,0.1,11.904521,0
206,47.322661,35,104.995643,5,15.111727,0.159829,0.065334,0.208188,1,1,235.377339,316.75,-75.004357,5,54.402217,3.418071,0.430872,0.352466,1,0,0.2,11.904903,0
207,47.32648,35,106.691724,5,15.354686,0.26963,0.154712,0.024664,1,1,235.37352,316.75,-73.308276,5,55.27687,2.567482,0.382705,1.203653,1,0,0.2,11.59656,0
208,47.511765,35,104.926196,5,15.486901,0.121681,0.111881,0.146288,1,1,235.188235,316.75,-75.073804,5,55.752844,3.225947,0.424258,1.361806,1,0,0.1,11.964453,0
209,47.513034,47.843126,155.743817,1,20.441406,0.040591,4,0,0,1,235.186966,303.906874,-24.256183,1,73.589062,1.252493,0.119381,0.428814,1,1,0.15,0.08373,1
210,47.631107,40.821318,71.875117,2.92688,17.544683,0.005271,0.088972,0.059656,1,1,235.068893,310.928682,-108.124883,2.92688,63.160859,3.296249,0.489838,0,1,0,0.2,6.22926,0
211,47.642724,45.983793,103.894424,1.55762,22.830528,0.299246,0.059048,0,0,1,235.057276,305.766207,-76.105576,1.55762,82.189901,0.124932,4,1.305289,0,1,0.6,3.283814,1
212,47.745192,46.120802,141.649513,2.789333,21.427561,0.826741,0.049941,0,0,1,234.954808,305.629198,-38.350487,2.789333,77.13922,0.567163,4,0,0,0,0.75,0.62823,1
213,47.863247,48,155.797326,1.004265,16.375753,0.349141,0.062751,0,1,1,234.836753,303.75,-24.202674,1.004265,58.952711,0.568849,4,0,0,1,0.35,0.610869,0
214,48.045485,48,155.628288,1.004422,16.376423,0.363007,0.06434,0,1,1,234.654515,303.75,-24.371712,1.004422,58.955123,0.429145,4,0,0,1,0.35,0.617106,0
215,48.176868,48,155.612045,1,16.33762,0.363021,0.062085,0,1,1,234.523132,303.75,-24.387955,1,58.815432,0.515018,4,0,0,1,0.35,0.61876,0
216,48.183594,48,155.697773,1.00446,16.37644,0.357285,0.060853,0,1,1,234.516406,303.75,-24.302227,1.00446,58.955184,0.475928,0.141944,0,1,1,0.2,0.627356,0
217,48.345597,47.253709,142.594082,1,18.179157,0.073113,0.127859,0,0,1,234.354403,304.496291,-37.405918,1,65.444965,0.66564,4,0.217117,0,1,0.4,0.701474,1
218,48.388158,47.250924,142.559276,1.000195,18.181962,0.015024,0.129786,0,0,1,234.311842,304.499076,-37.440724,1.000195,65.455063,0.687919,4,0.170114,0,1,0.2,0.704182,1
219,48.913139,40.820125,72.468704,2.8767,17.595121,0.058472,0.059611,0.126984,1,1,233.786861,310.929875,-107.531296,2.8767,63.342436,3.796503,0.546312,0,1,0,0.4,6.31537,0
220,49.199843,39.89608,103.738456,3.243128,16.357785,0.167712,0.062207,0.356681,1,1,233.500157,311.85392,-76.261544,3.243128,58.888026,2.445144,0.374132,0,1,0,0.2,8.155132,0
221,49.203423,39.899524,104.031857,3.231519,16.373816,0.12126,0.06509,0.259009,1,1,233.496577,311.850476,-75.968143,3.231519,58.945738,2.270882,0.374132,0,1,0,0.2,8.117854,0
222,49.293745,45.832702,108.534557,1.190844,17.999374,0.087574,0.062212,0,1,1,233.406255,305.917298,-71.465443,1.190844,64.797746,0.292223,0.190122,0,1,1,0.25,3.191182,0
223,49.295461,45.843046,108.541618,1.236869,18.025462,0.19121,0.057839,0,1,1,233.404539,305.906954,-71.458382,1.236869,64.891663,0.371887,0.286457,0,1,0,0.2,3.146435,0
224,49.299041,45.846489,108.835019,1.225261,18.041493,0.174043,0.055242,0,1,1,233.400959,305.903511,-71.164981,1.225261,64.949375,0.318569,0.190121,0,0,1,0.2,3.137266,0
225,49.591609,43.172448,108.248157,2.723954,20.731448,0.328018,0.048154,0,0,1,233.108391,308.577552,-71.751843,2.723954,74.633213,1.373649,0.180352,0,1,0,0.25,5.010208,1
226,49.591619,43.176781,108.250675,2.72418,20.715631,0.340795,0.04795,0,0,1,233.108381,308.573219,-71.749325,2.72418,74.576272,1.383266,4,0,0,0,0.35,5.004306,1
227,49.595997,43.132254,107.499023,2.60304,21.039502,0.063371,0.161025,0.035019,0,1,233.104003,308.617746,-72.500977,2.60304,75.742207,0.899648,4,0.933718,0,0,0.4,5.214572,1
228,49.59687,43.128235,109.348325,2.692689,21.004479,0.09595,4,0,0,1,233.10313,308.621765,-70.651675,2.692689,75.616124,1.000845,4,1.368405,0,0,0.3,4.988991,1
229,50.665225,41.603889,64.288882,3.452452,23.704371,0.093766,0.045388,0.195977,0,1,232.034775,310.146111,-115.711118,3.452452,85.335736,1.595483,0.208647,0.142545,1,0,0.15,4.69894,1
230,50.673142,41.734217,60.811596,3.448839,23.424538,0.037499,0.046017,0.190896,0,1,232.026858,310.015783,-119.188404,3.448839,84.328337,1.849567,0.32039,0.776319,1,0,0.15,4.076941,1
231,50.673603,41.732199,60.757124,3.448999,23.424266,0.045831,0.046012,0.177182,0,1,232.026397,310.017801,-119.242876,3.448999,84.327358,1.85161,0.320382,0.757727,1,0,0.1,4.071853,1
232,50.67702,41.666664,62.585247,3.460087,23.59944,0.08177,0.060255,0.07564,0,1,232.02298,310.083336,-117.414753,3.460087,84.957984,1.716653,0.2415,0.15741,1,0,0.2,4.387228,1
233,50.684438,41.708005,61.906191,3.45642,23.593837,0.071018,0.06401,0.133261,0,1,232.015562,310.041995,-118.093809,3.45642,84.937813,1.746398,0.302513,0.94277,1,0,0.2,4.2632,1
234,50.714211,36.382308,82.86771,4.314697,18.022384,0.032301,0.079563,0.058638,1,1,231.985789,315.367692,-97.13229,4.314697,64.880582,6.967296,0.804969,0,1,0,0.2,11.631702,0
235,50.984192,45.171685,126.43293,1.852167,19.0824,0.146078,0.167365,0,0,1,231.715808,306.578315,-53.56707,1.852167,68.69664,0.488352,4,0,0,0,0.65,2.099478,1
236,50.984339,45.171526,126.446373,1.85217,19.081386,0.14566,0.167454,0,0,1,231.715661,306.578474,-53.553627,1.85217,68.69299,0.486735,4,0,0,0,0.55,2.09855,1
237,51.003026,45.159261,126.75307,1.851861,19.103581,0.132106,4,0,0,1,231.696974,306.590739,-53.24693,1.851861,68.772892,0.447535,4,0,0,0,0.55,2.092986,1
238,51.231422,41.816869,66.429918,1.412084,10.927088,0.577817,0.179858,0.012091,1,1,231.468578,309.933131,-113.570082,1.412084,39.337517,1.365579,0.374151,0.286301,1,1,0.2,5.1712,0
239,51.817039,45.010145,73.45761,1,12.675028,0.227515,0.080676,0,1,1,230.882961,306.739855,-106.54239,1,45.630101,0.21311,0.190119,0.927225,1,1,0.15,3.729533,0
240,51.819014,45.020803,73.47397,1,12.682683,0.237269,0.080947,0,1,1,230.880986,306.729197,-106.52603,1,45.657659,0.204787,0.105117,0.938899,1,1,0.2,3.72096,0
241,51.819925,45.010966,73.461423,1,12.685454,0.225757,0.081021,0,1,1,230.880075,306.739034,-106.538577,1,45.667634,0.209289,0.190119,0.941477,1,1,0.2,3.730091,0
242,51.819957,45.010419,73.461496,1,12.68538,0.225223,0.08102,0,1,1,230.880043,306.739581,-106.538504,1,45.667368,0.209726,0.286455,0.940998,1,1,0.15,3.730636,0
243,51.819995,45.011724,73.464244,1,12.675522,0.229274,0.080666,0,1,1,230.880005,306.738276,-106.535756,1,45.631879,0.214486,0.190119,0.918258,1,1,0.2,3.728424,0
244,51.922053,44.728185,73.151189,1,12.56069,0.013744,0.081487,0,1,1,230.777947,307.021815,-106.848811,1,45.218484,0.360797,0.238276,0.207776,1,1,0.25,3.973668,0
245,51.922054,44.7282,73.151311,1,12.560735,0.013691,0.081471,0,1,1,230.777946,307.0218,-106.848689,1,45.218646,0.556553,0.067826,0.207883,1,1,0.15,3.973668,0
246,52.817045,38.955165,67.800534,4.594131,23.43733,0.520011,0.046504,0.111467,0,1,229.882955,312.794835,-112.199466,4.594131,84.374388,5.476548,0.668208,0,1,0,0.15,6.240457,1
247,52.819383,38.941664,67.800347,4.593851,23.434767,0.507515,0.046539,0.092159,0,1,229.880617,312.808336,-112.199653,4.593851,84.365161,5.480499,0.643465,0,1,0,0.25,6.253302,1
248,52.839343,39.066842,68.072756,4.574769,23.347921,0.639789,0.046623,0.014366,0,1,229.860657,312.683158,-111.927244,4.574769,84.052516,5.684988,0.6973,0,1,0,0.25,6.183419,1
249,52.948845,39.271516,76.130446,4.543706,23.600206,0.853156,0.056652,0.002578,0,1,229.751155,312.478484,-103.869554,4.543706,84.960742,5.14563,0.575463,0,1,0,0.3,7.71076,1
250,53.204358,41.272474,85.584841,2.433306,17.148081,0.107614,0.062822,0.241149,1,1,229.495642,310.477526,-94.415159,2.433306,61.733092,2.692619,0.485313,0,1,0,0.1,8.049913,0
251,53.20718,41.272225,85.543085,2.433303,17.144088,0.119519,0.063486,0.037728,1,1,229.49282,310.477775,-94.456915,2.433303,61.718717,2.889639,0.419438,0,1,0,0.2,8.043594,0
252,53.211772,41.270157,85.534302,2.433391,17.148391,0.113179,0.06328,0.107325,1,1,229.488228,310.479843,-94.465698,2.433391,61.734208,2.886391,0.419438,0,1,0,0.15,8.044395,0
253,53.247771,44.827658,160,4.763589,17.536334,0.091786,4,0,0,1,229.452229,306.922342,-20,4.763589,63.130802,0.246201,4,0.544865,0,1,0.35,7.073834,1
254,53.484067,41.185873,86.916529,2.434751,17.15999,0.049888,0.068799,0.005712,1,1,229.215933,310.564127,-93.083471,2.434751,61.775964,2.654065,0.427952,0,1,0,0.2,8.338243,0
255,53.507164,38.596319,67.790034,4.598227,23.649604,0.20993,0.047934,0.254712,0,1,229.192836,313.153681,-112.209966,4.598227,85.138574,4.875982,0.643363,0,1,0,0.15,6.581502,1
256,53.514842,41.1931,86.924936,2.432453,17.201079,0.030872,0.064506,0.300814,1,1,229.185158,310.5569,-93.075064,2.432453,61.923884,2.636006,0.427952,0,1,0,0.2,8.333932,0
257,53.519541,38.564706,67.789546,4.59817,23.644823,0.186289,0.048691,0.196853,0,1,229.180459,313.185294,-112.210454,4.59817,85.121363,4.88668,0.668588,0,1,0,0.2,6.610684,1
258,53.525235,37.722969,66.790504,4.856597,23.540802,0.006858,0.077392,0.129763,0,1,229.174765,314.027031,-113.209496,4.856597,84.746887,5.350956,0.643325,0,1,0,0.35,6.872596,1
259,53.6042,41.499828,88.682799,2.43204,17.113703,0.353562,0.063624,0,1,1,229.0958,310.250172,-91.317201,2.43204,61.609331,3.66757,0.485224,0,1,0,0.2,8.296048,0
260,57.441811,46.949921,157.601845,2.009447,21.91379,0.024555,0.113528,0,0,1,225.258189,304.800079,-22.398155,2.009447,78.889644,0.662128,4,0.10813,0,1,0.35,1.650421,1
261,57.753646,47.726168,154.285998,1,22.054697,0.025224,0.412725,0,0,1,224.946354,304.023832,-25.714002,1,79.396909,0.80979,4,0.136619,0,1,0.6,0.059156,1
262,57.831635,42.39982,152.122497,3.216745,10.643683,0.062103,4,0,0,1,224.868365,309.35018,-27.877503,3.216745,38.317259,0.998942,4,0.226458,0,1,0.15,5.780345,1
263,57.880778,42.62031,151.100559,3.300313,10.149661,0.907703,0.094164,0,1,1,224.819222,309.12969,-28.899441,3.300313,36.53878,0.475805,4,0.018838,0,1,0.6,6.661148,0
264,58.226131,40.540708,96.463013,2.07868,14.400004,0.034038,0.083041,0.260543,1,1,224.473869,311.209292,-83.536987,2.07868,51.840014,1.514241,0.334597,0,1,0,0.15,8.631034,0
265,58.227409,40.540565,96.462528,2.078622,14.399929,0.035297,0.083155,0.246089,1,1,224.472591,311.209435,-83.537472,2.078622,51.839744,1.514549,0.334625,0,1,0,0.15,8.631233,0
266,58.312613,44.20114,124.368088,1.515714,15.017072,0.012355,4,0,0,1,224.387387,307.54886,-55.631912,1.515714,54.061459,0.560864,4,0,0,0,0.4,2.72826,1
267,58.439948,40.543504,96.427418,2.079931,14.415503,0.029695,0.093644,0.084471,1,1,224.260052,311.206496,-83.572582,2.079931,51.895811,1.584197,0.241353,0,1,0,0.15,8.63015,0
268,58.483393,40.511563,96.431631,2.086914,14.432006,0.004686,0.092258,0.212098,1,1,224.216607,311.238437,-83.568369,2.086914,51.955222,1.586483,0.320392,0,1,0,0.25,8.659276,0
269,58.56372,44.106068,150.605694,3.056441,14.494477,0.43723,0.224898,0,0,1,224.13628,307.643932,-29.394306,3.056441,52.180117,0.650375,4,0,0,0,0.55,3.80424,1
270,58.568375,46.704434,115.718748,1.474591,20.29645,1.625764,0.176211,0,0,0,224.131625,305.045566,-64.281252,1.474591,73.06722,2.803664,0.374093,0,1,0,0.35,1.561823,1
271,59.090919,45.265066,135.902204,1.198259,14.24798,0.274594,0.068318,0,1,1,223.609081,306.484934,-44.097796,1.198259,51.292728,0.903453,0.058443,0.3728,1,1,0.1,1.361416,0
272,59.462887,45.131419,88.216814,1.037043,16.592887,0.069261,0.060449,0,1,1,223.237113,306.618581,-91.783186,1.037043,59.734393,0.666392,0.158932,0,1,0,0.2,4.745318,0
273,59.462914,45.135125,88.215387,1.037301,16.592886,0.07326,0.060415,0,1,1,223.237086,306.614875,-91.784613,1.037301,59.73439,0.669802,0.238289,0,1,0,0.25,4.741474,0
274,59.462926,45.143134,88.239724,1.03734,16.591982,0.081199,0.060481,0,1,1,223.237074,306.606866,-91.760276,1.03734,59.731135,0.671766,0.238289,0,1,0,0.15,4.735116,0
275,59.462931,45.133022,88.218611,1.037122,16.592649,0.071255,0.060362,0,1,1,223.237069,306.616978,-91.781389,1.037122,59.733536,0.668004,0.158932,0,1,0,0.4,4.743819,0
276,59.557673,45.169632,88.521284,1.032842,16.714055,0.062161,0.084173,0,1,1,223.142327,306.580368,-91.478716,1.032842,60.170598,0.634292,0.158929,0,1,0,0.2,4.729196,0
277,59.590369,45.129182,122.27705,2.35809,20.343759,1.831676,0.152616,0,0,0,223.109631,306.620818,-57.72295,2.35809,73.237532,6.935036,1.429918,0,0,0,0.25,1.509465,1
278,59.590987,45.190676,122.160113,2.355227,20.443103,1.869867,0.151206,0,0,0,223.109013,306.559324,-57.839887,2.355227,73.595171,6.74801,1.429918,0,0,0,0.3,1.477421,1
279,59.902348,38.896965,101.51989,2.700978,15.189143,0.194362,0.068337,0.023049,1,1,222.797652,312.853035,-78.48011,2.700978,54.680915,3.584421,0.478999,0,1,0,0.25,9.287164,0
280,60.002608,38.877831,101.661383,2.701792,15.194814,0.183337,0.072104,0.110545,1,1,222.697392,312.872169,-78.338617,2.701792,54.70133,3.625514,0.427943,0,1,0,0.3,9.281163,0
281,60.128388,39.924168,145.045468,3.273627,10.029648,0.043822,4,0.049517,0,1,222.571612,311.825832,-34.954532,3.273627,36.106733,1.297675,4,0.543823,0,1,0.4,3.390426,1
282,61.024178,46.171165,156.906596,3.283354,24.952753,0.186127,0.097363,0,0,1,221.675822,305.578835,-23.093404,3.283354,89.829911,0.451076,4,0,0,1,0.55,3.174322,1
283,61.061845,40.312039,89.235632,2.436088,16.888345,0.349512,0.05967,0,1,1,221.638155,311.437961,-90.764368,2.436088,60.798042,6.419238,0.816204,0,1,0,0.2,9.550656,0
284,61.067957,40.311626,89.210896,2.436741,16.91008,0.342985,0.085033,0.005226,1,1,221.632043,311.438374,-90.789104,2.436741,60.876288,6.39149,0.697095,0,1,0,0.2,9.546761,0
285,61.169946,40.344649,92.819726,2.410588,17.628237,0.157657,0.07908,0.173314,1,1,221.530054,311.405351,-87.180274,2.410588,63.461653,4.00197,0.623535,0,1,0,0.3,9.293157,0
286,61.171052,40.347857,93.227099,2.410151,17.61776,0.15302,0.077768,0.40994,1,1,221.528948,311.402143,-86.772901,2.410151,63.423936,3.957288,0.589479,0,1,0,0.3,9.237544,0
287,61.182772,46.195399,160,3.34574,23.672606,0.019933,4,0,0,1,221.517228,305.554601,-20,3.34574,85.221382,0.75765,4,0.082973,0,1,0.75,3.915158,1
288,61.707291,47.139749,159.844289,2.625042,22.559649,0.574464,0.049131,0,0,1,220.992709,304.610251,-20.155711,2.625042,81.214736,0.403913,4,0,0,1,0.7,3.600754,1
289,61.904688,47.169716,159.847713,2.604305,22.485839,0.603031,0.048443,0,0,1,220.795312,304.580284,-20.152287,2.604305,80.94902,0.382285,4,0,0,1,0.45,3.622685,1
290,61.968882,44.228373,130.546785,2.082311,20.197782,0.017635,4,0,0,1,220.731118,307.521627,-49.453215,2.082311,72.712015,0.938948,0.119415,0,1,0,0.3,1.91658,1
291,62.394492,43.083705,77.175901,1.301101,14.27135,0.044962,0.071561,0,1,1,220.305508,308.666295,-102.824099,1.301101,51.37686,0.965031,0.212788,0,1,0,0.2,5.529207,0
292,62.489234,43.120314,77.478573,1.296821,14.392756,0.066077,0.078634,0,1,1,220.210766,308.629686,-102.521427,1.296821,51.813922,0.780704,0.212788,0,1,0,0.15,5.539989,0
293,62.490219,43.119743,77.461435,1.296821,14.393907,0.066561,0.078513,0,1,1,220.209781,308.630257,-102.538565,1.296821,51.818065,0.78006,0.212768,0,1,0,0.2,5.538868,0
294,62.490405,43.119885,77.486476,1.296821,14.393418,0.06581,0.078487,0,1,1,220.209595,308.630115,-102.513524,1.296821,51.816305,0.780441,0.138186,0,1,0,0.15,5.541292,0
295,62.490432,43.119673,77.475562,1.296821,14.394145,0.065896,0.078364,0,1,1,220.209568,308.630327,-102.524438,1.296821,51.818922,0.780049,0.527296,0,0,0,0.3,5.54044,0
296,62.547237,47.974468,150.956285,1,24.99353,0.354526,0.039982,0,0,1,220.152763,303.775532,-29.043715,1,89.976708,0.462346,4,0,0,1,0.55,0.120808,1
297,62.597574,47.984526,150.963337,1,24.994502,0.37465,0.039833,0,0,1,220.102426,303.765474,-29.036663,1,89.980207,0.469477,4,0,0,1,0.35,0.138307,1
298,62.608047,47.974659,150.958336,1,24.979605,0.353158,0.040277,0,0,1,220.091953,303.775341,-29.041664,1,89.926578,0.503557,4,0,0,1,0.5,0.130416,1
299,62.81452,46.365698,120.259385,1.006057,24.083767,0.233701,0.061564,0,0,1,219.88548,305.384302,-59.740615,1.006057,86.701561,1.009814,0.171754,0.762123,1,1,0.15,2.357679,1
300,62.825394,46.378022,120.695242,1,24.096249,0.233675,0.060573,0,0,1,219.874606,305.371978,-59.304758,1,86.746496,0.640339,0.258921,0.815945,1,1,0.15,2.336469,1
301,63.040007,41.693241,54.238498,3.177086,24.528248,0.074305,0.04428,0,0,1,219.659993,310.056759,-125.761502,3.177086,88.301693,4.795517,0.668379,0,1,0,0.2,2.963952,1
302,63.152689,48,160,1,25,0.104887,0.395783,0,0,1,219.547311,303.75,-20,1,90,0.877417,4,0.440373,0,1,0.25,0.343649,1
303,63.41231,41.771818,52.125438,3.214728,24.716161,0.08773,0.046072,0,0,1,219.28769,309.978182,-127.874562,3.214728,88.97818,4.717635,0.668393,0,1,0,0.15,2.575086,1
304,63.891782,41.721,55.754499,3.187441,24.693108,0.295001,0.047293,0,0,1,218.808218,310.029,-124.245501,3.187441,88.895189,5.495853,0.668326,0,1,0,0.25,3.073787,1
305,64.293355,47.349015,151.300661,1,24.068148,0.216114,0.040953,0,0,1,218.406645,304.400985,-28.699339,1,86.645333,0.907734,0.215305,0.462969,1,1,0.15,0.353619,1
306,64.308562,47.354455,151.261761,1,23.995095,0.199656,0.043675,0,0,1,218.391438,304.395545,-28.738239,1,86.382342,0.975907,0.141897,0.210982,1,1,0.15,0.345302,1
307,64.410906,46.360901,115.310127,1,23.807251,0.065717,0.062641,0,0,1,218.289094,305.389099,-64.689873,1,85.706104,0.214107,4,0,0,1,0.6,2.524725,1
308,64.439723,46.393615,116.084653,1,23.805717,0.059209,0.062624,0,0,1,218.260277,305.356385,-63.915347,1,85.700581,0.197665,4,0,0,1,0.4,2.459055,1
309,65.542822,43.694204,112.980236,2.045707,23.625904,0.087359,0.041831,0,0,1,217.157178,308.055796,-67.019764,2.045707,85.053254,1.104425,0.474939,0,0,0,0.2,4.25164,1
310,65.686387,40.670929,56.464028,2.980367,21.359377,0.165476,0.074823,0,0,1,217.013613,311.079071,-123.535972,2.980367,76.893757,14.265327,1.522593,0,1,0,0.25,3.585552,1
311,65.734053,43.584509,151.571927,2.452102,14.041522,0.482304,0.082227,0.044231,1,1,216.965947,308.165491,-28.428073,2.452102,50.549479,0.44933,4,0.356578,0,1,0.25,2.875982,0
312,65.880846,43.874719,140.209859,2.491677,19.864355,0.093065,4,0,0,1,216.819154,307.875281,-39.790141,2.491677,71.511678,0.993372,0.435149,0,0,0,0.25,0.2475,1
313,65.902013,43.585354,151.886206,2.459132,14.11458,0.524747,0.080766,0.004063,1,1,216.797987,308.164646,-28.113794,2.459132,50.812488,0.486433,4,0.306085,0,1,0.35,2.915079,0
314,66.228266,45.75193,145.683353,2.237226,21.151408,0.593473,0.051506,0,0,1,216.471734,305.99807,-34.316647,2.237226,76.145069,1.102976,0.138096,0,1,0,0.25,1.208044,1
315,66.385414,43.593641,152.52947,2.45782,14.010659,0.552517,0.078618,0.014138,1,1,216.314586,308.156359,-27.47053,2.45782,50.438372,0.566367,4,0.246907,0,1,0.35,3.120539,0
316,66.389545,43.593623,152.53235,2.457822,14.010557,0.553213,0.078804,0.009349,1,1,216.310455,308.156377,-27.46765,2.457822,50.438005,0.567583,4,0.242171,0,1,0.75,3.121476,0
317,66.527047,45.751977,145.618691,2.202733,21.156405,0.559912,0.05191,0,0,1,216.172953,305.998023,-34.381309,2.202733,76.163058,1.060745,0.634102,0,0,0,0.2,1.147387,1
318,66.647416,43.580517,141.101668,2.610295,21.011215,0.476222,0.04871,0.055234,0,1,216.052584,308.169483,-38.898332,2.610295,75.640374,0.561742,0.093773,0,1,0,0.25,0.440546,1
319,66.654663,43.545682,140.980142,2.600258,21.011512,0.521785,0.049626,0.011082,0,1,216.045337,308.204318,-39.019858,2.600258,75.641443,0.544899,4,0,0,0,0.65,0.506837,1
320,66.676848,43.622036,141.562019,2.62496,20.971802,0.445117,0.048498,0.088367,0,1,216.023152,308.127964,-38.437981,2.62496,75.498487,0.567667,4,0,0,0,0.35,0.312545,1
321,66.686118,43.624416,141.64694,2.623496,20.964093,0.45541,0.049542,0.085407,0,1,216.013882,308.125584,-38.35306,2.623496,75.470735,0.585974,0.093776,0,1,0,0.3,0.305026,1
322,67.031797,40.700376,82.345667,2.727456,21.928857,0.316242,0.054994,0,0,1,215.668203,311.049624,-97.654333,2.727456,78.943885,8.562887,1.12786,0,1,0,0.2,8.031571,1
323,67.098419,40.556261,84.344841,2.651595,22.138761,0.149154,0.073173,0.013108,0,1,215.601581,311.193739,-95.655159,2.651595,79.69954,6.178408,0.75093,0,1,0,0.25,8.543961,1
324,67.164307,40.611316,82.71828,2.657741,21.985591,0.05494,0.054286,0.116056,0,1,215.535693,311.138684,-97.28172,2.657741,79.148128,7.302212,0.9125,0,1,0,0.2,8.218182,1
325,67.204618,40.60882,82.792714,2.650748,22.028942,0.067582,0.050757,0.149147,0,1,215.495382,311.14118,-97.207286,2.650748,79.304191,6.868317,0.9125,0,1,0,0.25,8.237932,1
326,67.223724,40.632615,84.672023,2.671613,22.077024,0.103788,0.081041,0.084531,0,1,215.476276,311.117385,-95.327977,2.671613,79.477286,7.125054,0.858603,0,1,0,0.4,8.507934,1
327,67.223912,40.634997,84.67548,2.672074,22.076929,0.104947,0.080982,0.08087,0,1,215.476088,311.115003,-95.32452,2.672074,79.476944,7.12624,0.858603,0,1,0,0.25,8.505922,1
328,67.759863,39.119508,43.444632,3.908121,20.344033,0.73022,0.058693,0,0,1,214.940137,312.630492,-136.555368,3.908121,73.238519,21.864271,2.813123,0,0,0,0.2,0.04422,1
329,67.847073,45.611541,113.32558,1.37644,23.787534,0.345451,0.049281,0,0,1,214.852927,306.138459,-66.67442,1.37644,85.635122,0.902821,0.23827,0,1,0,0.25,2.911794,1
330,68.100493,45.629253,112.041375,1.339988,23.83537,0.314048,0.056268,0,0,1,214.599507,306.120747,-67.958625,1.339988,85.807332,0.843767,0.14193,0,1,0,0.2,3.004971,1
331,68.112765,45.641313,112.534221,1.333931,23.837295,0.295435,0.054751,0,0,1,214.587235,306.108687,-67.465779,1.333931,85.814262,0.827435,0.141934,0,1,0,0.15,2.969169,1
332,68.148872,45.636332,111.576579,1.330999,23.834208,0.310228,0.05922,0,0,1,214.551128,306.113668,-68.423421,1.330999,85.803149,0.870215,0.163624,0,1,0,0.15,3.032678,1
333,68.605434,39.122791,43.023026,3.794449,20.269131,0.487148,0.057541,0,0,1,214.094566,312.627209,-136.976974,3.794449,72.968872,21.468737,2.74283,0,0,0,0.4,0.114088,1
334,68.820713,45.528039,108.779859,1.124619,24.466458,0.318337,0.040999,0,0,1,213.879287,306.221961,-71.220141,1.124619,88.079249,0.212626,4,0,0,1,0.4,3.49626,1
335,69.036009,42.294708,76.236613,2.064333,22.484157,0.226565,0.045701,0.021793,0,1,213.663991,309.455292,-103.763387,2.064333,80.942965,3.838109,0.485306,0,1,0,0.15,6.048048,1
336,69.051819,39.136282,43.780907,3.721891,20.288571,0.450938,0.05789,0,0,1,213.648181,312.613718,-136.219093,3.721891,73.038856,21.473127,2.682001,0,0,0,0.25,0.384951,1
337,69.0752,42.255069,76.199198,2.033177,22.487273,0.358142,0.046829,0.004208,0,1,213.6248,309.494931,-103.800802,2.033177,80.954183,2.976218,0.424193,0,1,0,0.15,6.110006,1
338,69.910203,45.298917,98.84589,1.010699,23.691884,0.570132,0.048431,0,0,1,212.789797,306.451083,-81.15411,1.010699,85.290782,0.210523,0.093783,0.057829,1,1,0.15,4.261359,1
339,73.533722,42.163151,137.30053,2.16075,14.540113,0.056189,4,0,0,1,209.166278,309.586849,-42.69947,2.16075,52.344407,1.033751,0.138107,0,1,0,0.15,0.539909,1
340,74.401824,38.745614,67.639517,2.953473,20.867012,0.256016,0.056023,0.038753,0,1,208.298176,313.004386,-112.360483,2.953473,75.121243,19.245038,1.773847,0,1,0,0.35,6.632083,1
341,74.407105,38.744414,67.746388,2.953617,20.859912,0.267077,0.056617,0.032171,0,1,208.292895,313.005586,-112.253612,2.953617,75.095683,19.254453,1.773847,0,1,0,0.4,6.651497,1
342,74.434346,38.744404,67.732641,2.953616,20.855414,0.266377,0.05883,0.01836,0,1,208.265654,313.005596,-112.267359,2.953616,75.07949,19.292929,1.773847,0,1,0,0.3,6.6459,1
343,74.440949,38.744173,67.77752,2.953344,20.858286,0.26691,0.058214,0.008787,0,1,208.259051,313.005827,-112.22248,2.953344,75.08983,19.27864,1.773847,0,1,0,0.35,6.655547,1
344,74.441082,38.74444,67.777766,2.953616,20.857982,0.268253,0.058287,0.004864,0,1,208.258918,313.00556,-112.222234,2.953616,75.088735,19.279611,1.773847,0,1,0,0.3,6.654754,1
345,74.481849,38.592585,67.708025,2.96757,20.824214,0.188794,0.069284,0.051422,0,1,208.218151,313.157415,-112.291975,2.96757,74.96717,19.441327,1.881596,0,1,0,0.25,6.756699,1
346,74.484076,38.747686,68.048,2.959833,20.864618,0.311599,0.056917,0,0,1,208.215924,313.002314,-111.952,2.959833,75.112625,19.26797,1.881531,0,1,0,0.2,6.691499,1
347,74.48533,38.591649,67.708894,2.967986,20.823226,0.190786,0.069641,0.032662,0,1,208.21467,313.158351,-112.291106,2.967986,74.963614,19.103176,1.881596,0,1,0,0.3,6.756539,1
348,74.83687,38.831189,70.019669,2.924109,20.894827,0.380441,0.050082,0,0,1,207.86313,312.918811,-109.980331,2.924109,75.221377,19.405366,1.935427,0,1,0,0.15,7.037626,1
349,76.025641,44.683837,153.583933,3.600362,25,0.213121,0.106164,0,0,1,206.674359,307.066163,-26.416067,3.600362,90,0.603453,0.302513,0,0,0,0.3,3.870702,1
350,76.080219,44.619835,153.05127,3.590568,25,0.219218,0.110121,0,0,1,206.619781,307.130165,-26.94873,3.590568,90,0.725864,4,0,0,0,0.4,3.738034,1
351,76.215153,44.79293,155.638062,3.589672,24.982435,0.04424,4,0,0,1,206.484847,306.95707,-24.361938,3.589672,89.936766,0.446084,0.099138,0,0,1,0.35,4.17905,1
352,76.220309,44.79139,151.999223,3.568024,24.917916,0.554171,0.039714,0,0,1,206.479691,306.95861,-28.000777,3.568024,89.704498,1.084231,4,0,0,0,0.45,3.794362,1
353,76.220946,44.795067,151.976279,3.565247,24.924574,0.555709,0.039963,0,0,1,206.479054,306.954933,-28.023721,3.565247,89.728466,1.082672,4,0,0,0,0.35,3.787149,1
354,76.240836,44.764986,155.845598,3.592484,25,0.06536,4,0,0,1,206.459164,306.985014,-24.154402,3.592484,90,0.367047,4,0,0,1,0.45,4.17454,1
355,77.04591,35.159895,76.110723,2.097875,11.753361,0.323216,0.102026,0.022313,1,1,205.65409,316.590105,-103.889277,2.097875,42.3121,1.411801,0.246696,0,1,0,0.2,10.832575,0
356,77.421432,35,76.439667,2.098018,11.72154,0.277323,0.097516,0.063462,1,1,205.278568,316.75,-103.560333,2.098018,42.197544,1.324851,0.208499,0,1,0,0.15,11.052141,0
357,77.864846,35.495513,76.465758,2.097883,11.7337,0.828925,0.091183,0,1,1,204.835154,316.254487,-103.534242,2.097883,42.24132,1.899517,0.27876,0,1,0,0.15,10.547497,0
358,78.355576,41.273591,98.358856,2.364457,23.159659,0.287687,0.04254,0,0,1,204.344424,310.476409,-81.641144,2.364457,83.374772,9.211908,1.008849,0,1,0,0.15,7.669637,1
359,78.55391,41.206086,98.447438,2.314104,23.141907,0.133044,0.05506,0,0,1,204.14609,310.543914,-81.552562,2.314104,83.310865,8.284474,0.816167,0,1,0,0.3,7.743326,1
360,78.59369,35.404776,75.75653,2.096383,11.791407,0.776169,0.101627,0,1,1,204.10631,316.345224,-104.24347,2.096383,42.449065,1.947238,0.374201,0,1,0,0.2,10.426899,0
361,78.726581,42.833155,144.885665,3.146194,22.97601,0.383593,0.045579,0,0,1,203.973419,308.916845,-35.114335,3.146194,82.713636,1.118388,0.473348,0,0,0,0.35,1.003651,1
362,78.767275,42.788911,144.901723,3.146595,23.000765,0.450652,0.046687,0.058653,0,1,203.932725,308.961089,-35.098277,3.146595,82.802754,1.041215,0.473348,0,0,0,0.3,0.957385,1
363,78.781159,42.769154,144.353003,3.1364,22.967012,0.385098,0.050806,0.001678,0,1,203.918841,308.980846,-35.646997,3.1364,82.681243,1.152159,0.190059,0,1,0,0.45,0.863224,1
364,78.833717,41.544314,95.596676,2.386074,25,0.189308,0.039687,0,0,1,203.866283,310.205686,-84.403324,2.386074,90,6.38778,0.816237,0,1,0,0.2,7.785505,1
365,78.866885,41.548891,95.596341,2.381796,24.99933,0.168949,0.03976,0,0,1,203.833115,310.201109,-84.403659,2.381796,89.997588,6.056793,0.719844,0,1,0,0.2,7.781585,1
366,78.89648,42.85968,145.181672,3.158136,23.026636,0.398273,0.045011,0,0,1,203.80352,308.89032,-34.818328,3.158136,82.89589,1.081413,0.546563,0,0,0,0.3,1.093321,1
367,79.383629,41.363451,96.567029,2.251676,23.596347,0.06151,0.04201,0,0,1,203.316371,310.386549,-83.432971,2.251676,84.946849,7.709108,0.912556,0,1,0,0.2,7.844877,1
368,79.53744,41.3601,98.271465,2.287305,23.139797,0.249907,0.046497,0,0,1,203.16256,310.3899,-81.728535,2.287305,83.303269,9.298346,1.008874,0,1,0,0.15,7.608982,1
369,79.761921,41.281519,97.680534,2.231276,23.163011,0.103645,0.059479,0,0,1,202.938079,310.468481,-82.319466,2.231276,83.38684,8.008091,0.864332,0,1,0,0.2,7.780718,1
370,81.364459,41.881062,119.311991,2.615854,23.362685,0.620791,0.061901,0,0,1,201.335541,309.868938,-60.688009,2.615854,84.105666,9.080208,1.5095,0,0,0,0.3,4.050636,1
371,81.566627,39.706152,60.431638,2.170046,17.925416,0.05382,0.062097,0,1,1,201.133373,312.043848,-119.568362,2.170046,64.531498,19.28361,1.612392,0,1,0,0.2,4.837007,0
372,81.571275,39.706003,60.423784,2.170176,17.926205,0.054258,0.062193,0,1,1,201.128725,312.043997,-119.576216,2.170176,64.534338,19.286829,1.612344,0,1,0,0.2,4.835482,0
373,81.571375,39.706,60.393153,2.169953,17.925337,0.054532,0.06257,0,1,1,201.128625,312.044,-119.606847,2.169953,64.531213,19.288521,1.720066,0,1,0,0.25,4.830867,0
374,82.777569,39.690189,59.772794,2.178115,17.736493,0.263754,0.060226,0,1,1,199.922431,312.059811,-120.227206,2.178115,63.851375,20.637718,1.827775,0,1,0,0.15,4.573857,0
375,82.790902,39.696221,59.802484,2.174453,17.748756,0.25017,0.060403,0,1,1,199.909098,312.053779,-120.197516,2.174453,63.895522,20.610642,1.720048,0,1,0,0.2,4.58708,0
376,83.054759,39.697517,59.446876,2.143507,17.812961,0.087626,0.059929,0,1,1,199.645241,312.052483,-120.553124,2.143507,64.12666,19.690029,1.720066,0,1,0,0.25,4.623958,0
377,83.080455,36.885617,94.771567,3.41642,23.336363,0.084008,0.070733,0.277639,0,1,199.619545,314.864383,-85.228433,3.41642,84.010907,17.987503,1.635057,0,1,0,0.2,12.230842,1
378,83.080828,36.805758,94.705756,3.420641,23.339369,0.048726,0.071075,0.343612,0,1,199.619172,314.944242,-85.294244,3.420641,84.021728,17.988203,1.538711,0,1,0,0.25,12.321963,1
379,83.092993,36.948144,94.833718,3.398365,23.331414,0.096645,0.070341,0.1449,0,1,199.607007,314.801856,-85.166282,3.398365,83.99309,18.001571,1.538675,0,1,0,0.3,12.160566,1
380,83.2354,40.299089,113.010513,2.384501,19.667991,0.377936,0.081963,0,0,1,199.4646,311.450911,-66.989487,2.384501,70.804768,17.418159,1.827826,0,0,0,0.35,6.146681,1
381,83.266251,36.755585,94.797999,3.384123,23.32356,0.14677,0.051837,0.474632,0,1,199.433749,314.994415,-85.202001,3.384123,83.964816,17.392049,1.442293,0,1,0,0.25,12.36087,1
382,83.437007,36.744821,95.254132,3.386438,23.211454,0.09485,0.052326,0.418253,0,1,199.262993,315.005179,-84.745868,3.386438,83.561234,17.784957,1.490516,0,1,0,0.35,12.281048,1
383,84.232429,43.955667,111.736432,1,15.572422,0.070303,0.063036,0,1,1,198.467571,307.794333,-68.263568,1,56.060719,1.081919,0.286427,0,1,0,0.15,4.152869,0
384,84.433819,45.216639,130.195077,1,15.986626,0.302205,0.061118,0,1,1,198.266181,306.533361,-49.804923,1,57.551854,0.923129,0.286429,0,1,0,0.15,1.52907,0
385,84.435127,45.216645,130.197509,1,15.987212,0.301752,0.061126,0,1,1,198.264873,306.533355,-49.802491,1,57.553963,0.923293,0.19009,0,1,0,0.15,1.528973,0
386,84.445516,45.204729,130.229093,1,16.085307,0.268283,0.062819,0,1,1,198.254484,306.545271,-49.770907,1,57.907105,0.89607,0.238271,0,1,0,0.15,1.557195,0
387,84.455137,45.214644,130.243164,1,16.0854,0.279109,0.063459,0,1,1,198.244863,306.535356,-49.756836,1,57.90744,0.882117,0.15892,0,1,0,0.2,1.546048,0
388,84.456445,45.214651,130.245596,1,16.085986,0.278614,0.063408,0,1,1,198.243555,306.535349,-49.754404,1,57.90955,0.882299,0.15892,0,1,0,0.15,1.545919,0
389,84.47891,39.112368,121.148789,3.61877,22.796594,0.925661,0.055785,0,0,1,198.22109,312.637632,-58.851211,3.61877,82.067738,18.196839,1.827826,0,0,0,0.35,4.768248,1
390,84.489865,39.118569,121.053954,3.59928,22.793854,0.896523,0.056337,0,0,1,198.210135,312.631431,-58.946046,3.59928,82.057874,17.803223,1.708454,0,0,0,0.45,4.807207,1
391,84.512653,39.11804,121.047112,3.591082,22.766016,0.888788,0.059847,0,0,1,198.187347,312.63196,-58.952888,3.591082,81.957658,17.917476,1.708454,0,0,0,0.35,4.812957,1
392,84.703547,38.048965,65.78246,2.305477,16.96224,0.382009,0.062259,0,1,1,197.996453,313.701035,-114.21754,2.305477,61.064064,21.573279,1.935323,0,1,0,0.3,6.547063,0
393,84.84482,45.414417,127.939574,1,18.534285,0.11617,0.066683,0,1,1,197.85518,306.335583,-52.060426,1,66.723426,1.030825,0.18038,0,1,0,0.25,1.885083,0
394,84.935147,38.751239,120.554204,3.170894,21.799296,0.149678,0.08596,0.206668,0,1,197.764853,312.998761,-59.445796,3.170894,78.477466,14.619407,1.390127,0,0,0,0.35,5.655519,1
395,84.94227,38.740213,120.448642,3.234187,21.816786,0.053938,4,0.012317,0,1,197.75773,313.009787,-59.551358,3.234187,78.54043,15.83104,1.54929,0,0,0,0.35,5.589552,1
396,84.976013,38.745885,120.346966,3.206499,21.786208,0.006548,4,0.095323,0,1,197.723987,313.004115,-59.653034,3.206499,78.430349,15.569245,1.589081,0,0,0,0.4,5.635177,1
397,84.987976,45.209743,129.945144,1,16.087234,0.310119,0.061426,0,1,1,197.712024,306.540257,-50.054856,1,57.914042,0.992814,0.238247,0,1,0,0.15,1.551609,0
398,84.989546,38.71568,120.344809,3.160328,21.773058,0.159758,0.047566,0.06746,0,1,197.710454,313.03432,-59.655191,3.160328,78.383009,14.811422,1.390127,0,0,0,0.4,5.73373,1
399,85,44.962806,136.512719,1,14.122228,0.111469,0.072991,0,1,1,197.7,306.787194,-43.487281,1,50.840021,0.453626,4,0,0,1,0.2,0.872748,0
400,85,46.212218,135.41899,1,18.56265,0.511835,0.055998,0,1,1,197.7,305.537782,-44.58101,1,66.82554,1.147429,0.212693,0,1,0,0.25,0.645345,0
